source1_entity_id	split	country
S1-560180536	threshold	US
S1-721422275	threshold	US
S1-172380123	threshold	US
S1-227498568	threshold	India
S1-98888290	threshold	India
S1-869771621	threshold	US
S1-520641128	threshold	US
S1-500033967	threshold	India
S1-553915799	threshold	India
S1-290323736	threshold	US
S1-429976530	threshold	US
S1-250327534	threshold	US
S1-81217925	threshold	US
S1-229598913	threshold	US
S1-434193585	threshold	US
S1-720161630	threshold	US
S1-147985673	threshold	India
S1-965238403	threshold	US
S1-197382018	threshold	US
S1-953845786	threshold	US
S1-210529619	threshold	India
S1-904549543	threshold	US
S1-247119078	threshold	India
S1-197810142	threshold	US
S1-205239891	threshold	India
S1-223185294	threshold	India
S1-900881143	threshold	India
S1-279089650	threshold	US
S1-16295644	threshold	US
S1-156596895	threshold	US
S1-156880711	threshold	US
S1-626131463	threshold	India
S1-655144131	threshold	India
S1-617010768	threshold	India
S1-533873679	threshold	US
S1-307395545	threshold	US
S1-435412435	threshold	India
S1-931690772	threshold	US
S1-937157116	threshold	US
S1-259205947	threshold	US
S1-386235735	threshold	US
S1-407644068	threshold	US
S1-998066105	threshold	India
S1-64943160	threshold	India
S1-706309121	threshold	US
S1-47690316	threshold	US
S1-215028229	threshold	US
S1-604633381	threshold	India
S1-341272100	threshold	India
S1-218614790	threshold	India
S1-877092785	threshold	India
S1-822759260	threshold	US
S1-491839212	threshold	US
S1-979045502	threshold	US
S1-714988414	threshold	US
S1-560937535	threshold	India
S1-920368922	threshold	US
S1-21791313	threshold	India
S1-171066113	threshold	US
S1-267944230	threshold	India
S1-199400131	threshold	India
S1-867685942	threshold	India
S1-381864439	threshold	US
S1-106052791	threshold	US
S1-218979830	threshold	India
S1-322576618	threshold	India
S1-684021813	threshold	US
S1-191789424	threshold	US
S1-294404758	threshold	US
S1-425551032	threshold	India
S1-573221569	threshold	US
S1-902484379	threshold	US
S1-341306283	threshold	India
S1-479839027	threshold	India
S1-499246798	threshold	India
S1-312053419	threshold	US
S1-832838143	threshold	US
S1-18370389	threshold	US
S1-670579374	threshold	India
S1-4331980	threshold	US
S1-996271246	threshold	India
S1-660543777	threshold	India
S1-482715610	threshold	US
S1-51828835	threshold	US
S1-375002992	threshold	US
S1-208418760	threshold	India
S1-803667513	threshold	US
S1-154069526	threshold	US
S1-30132677	threshold	US
S1-76005804	threshold	India
S1-819102669	threshold	US
S1-27585812	threshold	US
S1-585823207	threshold	US
S1-866546001	threshold	US
S1-765957674	threshold	US
S1-600890317	threshold	US
S1-361940166	threshold	India
S1-212583373	threshold	US
S1-121442724	threshold	India
S1-616481784	threshold	US
S1-496177864	threshold	US
S1-683374180	threshold	US
S1-64841860	threshold	India
S1-403179097	threshold	India
S1-223965310	threshold	US
S1-305926402	threshold	US
S1-30767495	threshold	US
S1-827698439	threshold	US
S1-724195140	threshold	India
S1-663114183	threshold	US
S1-977108339	threshold	US
S1-370970760	threshold	US
S1-534046796	threshold	US
S1-983587962	threshold	India
S1-679825203	threshold	US
S1-232840766	threshold	India
S1-712366248	threshold	US
S1-949019065	threshold	US
S1-136917384	threshold	India
S1-662773896	threshold	US
S1-954981810	threshold	US
S1-510802172	threshold	US
S1-497300722	threshold	India
S1-848760807	threshold	US
S1-248593579	threshold	US
S1-575214339	threshold	US
S1-8000604	threshold	India
S1-942427038	threshold	US
S1-951220709	threshold	US
S1-120863440	threshold	India
S1-516115816	threshold	US
S1-594197811	threshold	India
S1-958988789	threshold	India
S1-228717166	threshold	US
S1-29297582	threshold	India
S1-315818080	threshold	India
S1-221631533	threshold	US
S1-642827193	threshold	US
S1-907946560	threshold	US
S1-951843987	threshold	India
S1-684511294	threshold	US
S1-291723422	threshold	US
S1-544958138	threshold	US
S1-422959800	threshold	US
S1-832611338	threshold	US
S1-133041809	threshold	US
S1-69280560	threshold	US
S1-419331180	threshold	US
S1-175160604	threshold	US
S1-739716412	threshold	India
S1-893355770	threshold	India
S1-24316143	threshold	US
S1-608274685	threshold	India
S1-684995953	threshold	India
S1-293759857	threshold	US
S1-843363364	threshold	US
S1-588076295	threshold	US
S1-702408586	threshold	US
S1-267843775	threshold	US
S1-867147031	threshold	India
S1-255511888	threshold	India
S1-559182554	threshold	US
S1-837803338	threshold	US
S1-34079885	threshold	US
S1-222947879	threshold	US
S1-761685884	threshold	US
S1-94579205	threshold	US
S1-930744418	threshold	US
S1-858154430	threshold	US
S1-295161793	threshold	US
S1-629206216	threshold	US
S1-464656167	threshold	US
S1-157665666	threshold	US
S1-934320285	threshold	US
S1-87686509	threshold	US
S1-584700621	threshold	US
S1-221819926	threshold	US
S1-454764022	threshold	US
S1-536486144	threshold	India
S1-375451058	threshold	India
S1-122471612	threshold	US
S1-958759798	threshold	US
S1-127498164	threshold	India
S1-606410850	threshold	US
S1-605686703	threshold	US
S1-510716043	threshold	US
S1-123075429	threshold	US
S1-558399815	threshold	US
S1-811764777	threshold	US
S1-172940189	threshold	US
S1-725275594	threshold	US
S1-506763830	threshold	US
S1-401793882	threshold	India
S1-998140135	threshold	US
S1-282948362	threshold	US
S1-192890806	threshold	India
S1-987633290	threshold	US
S1-853378428	threshold	US
S1-889838698	threshold	India
S1-461483851	threshold	India
S1-812195617	threshold	India
S1-635568304	threshold	US
S1-343168529	threshold	US
S1-522622411	threshold	US
S1-195884751	threshold	India
S1-350539444	threshold	India
S1-781967877	threshold	US
S1-820507016	threshold	US
S1-742892220	threshold	US
S1-800388193	threshold	India
S1-212560219	threshold	US
S1-677120772	threshold	US
S1-539394998	threshold	US
S1-586294209	threshold	India
S1-399821556	threshold	US
S1-833542251	threshold	India
S1-910768227	threshold	US
S1-278567304	threshold	US
S1-450518677	threshold	US
S1-68515273	threshold	India
S1-787644253	threshold	US
S1-193473243	threshold	US
S1-892263555	threshold	India
S1-833821864	threshold	India
S1-854046230	threshold	US
S1-472605357	threshold	US
S1-751733535	threshold	India
S1-77178188	threshold	India
S1-839557914	threshold	US
S1-880054868	threshold	US
S1-807596775	threshold	US
S1-989346564	threshold	US
S1-187189701	threshold	India
S1-271953552	threshold	India
S1-924145247	threshold	India
S1-213839216	threshold	US
S1-573442056	threshold	US
S1-494037123	threshold	India
S1-12393127	threshold	US
S1-369575465	threshold	India
S1-368230516	threshold	US
S1-850766478	threshold	India
S1-429730418	threshold	US
S1-387241816	threshold	US
S1-119038449	threshold	US
S1-655589543	threshold	India
S1-755074948	threshold	US
S1-421658748	threshold	US
S1-643032590	threshold	India
S1-596809902	threshold	India
S1-6385904	threshold	US
S1-728115064	threshold	US
S1-120333936	threshold	US
S1-372829057	threshold	US
S1-330287395	threshold	India
S1-406464675	threshold	India
S1-57662953	threshold	US
S1-563511713	threshold	US
S1-681553291	threshold	US
S1-901358960	threshold	US
S1-495846484	threshold	India
S1-985516131	threshold	US
S1-580163563	threshold	US
S1-708069977	threshold	US
S1-374778413	threshold	India
S1-36100460	threshold	US
S1-721201782	threshold	US
S1-54154971	threshold	India
S1-849763132	threshold	US
S1-554085429	threshold	US
S1-642123640	threshold	India
S1-204020670	threshold	India
S1-856060736	threshold	India
S1-982353611	threshold	US
S1-71991854	threshold	US
S1-448919251	threshold	India
S1-768643264	threshold	US
S1-898390105	threshold	India
S1-772122667	threshold	US
S1-457628272	threshold	India
S1-49759846	threshold	India
S1-339768243	threshold	India
S1-837702349	threshold	US
S1-38559346	threshold	India
S1-3237699	threshold	US
S1-144611000	threshold	US
S1-994878786	threshold	US
S1-736479231	threshold	US
S1-903539459	threshold	US
S1-323797253	threshold	US
S1-533601547	threshold	India
S1-483975411	threshold	India
S1-192405618	threshold	India
S1-939189373	threshold	India
S1-831738486	threshold	India
S1-351397229	threshold	India
S1-109924024	threshold	US
S1-414664517	threshold	India
S1-477298746	threshold	US
S1-305790087	threshold	US
S1-239364432	threshold	India
S1-67684872	threshold	US
S1-134567213	threshold	India
S1-446074459	threshold	US
S1-574028723	threshold	US
S1-361410516	threshold	US
S1-121632722	threshold	India
S1-926632699	threshold	India
S1-40650275	threshold	India
S1-672288239	threshold	US
S1-195693756	threshold	US
S1-545777935	threshold	India
S1-641859436	threshold	India
S1-835072022	threshold	US
S1-602613436	threshold	India
S1-317387563	threshold	US
S1-96902456	threshold	US
S1-351712600	threshold	US
S1-137699559	threshold	India
S1-882742789	threshold	India
S1-22748200	threshold	India
S1-745442482	threshold	US
S1-836653608	threshold	US
S1-428657388	threshold	India
S1-134618337	threshold	India
S1-606470471	threshold	India
S1-848624200	threshold	US
S1-5451474	threshold	US
S1-601900632	threshold	India
S1-872613808	threshold	India
S1-261476596	threshold	India
S1-55662543	threshold	US
S1-143282080	threshold	India
S1-416665296	threshold	US
S1-62044707	threshold	India
S1-229874778	threshold	India
S1-391271072	threshold	US
S1-726873305	threshold	India
S1-978795894	threshold	US
S1-771301491	threshold	US
S1-220646397	threshold	India
S1-269632746	threshold	US
S1-285739315	threshold	US
S1-799766613	threshold	India
S1-301414243	threshold	US
S1-423760010	threshold	US
S1-353461054	threshold	US
S1-37503709	threshold	US
S1-93137549	threshold	US
S1-133661212	threshold	India
S1-59360305	threshold	US
S1-236010533	threshold	India
S1-172879098	threshold	US
S1-277465603	threshold	US
S1-265154819	threshold	India
S1-924383570	threshold	US
S1-996730661	threshold	US
S1-459291889	threshold	US
S1-462959378	threshold	India
S1-147827892	threshold	US
S1-608108392	threshold	US
S1-787831649	threshold	India
S1-38444628	threshold	US
S1-97762307	threshold	India
S1-312389988	threshold	US
S1-511345748	threshold	US
S1-844598713	threshold	US
S1-461438203	threshold	India
S1-760156185	threshold	US
S1-704630376	threshold	US
S1-766823573	threshold	India
S1-985811643	threshold	US
S1-99789171	threshold	US
S1-522588763	threshold	India
S1-45332793	threshold	US
S1-254742792	threshold	India
S1-687695689	threshold	US
S1-833415264	threshold	US
S1-374061569	threshold	US
S1-953586361	threshold	US
S1-510251603	threshold	India
S1-500168099	threshold	India
S1-982380395	threshold	US
S1-298438839	threshold	US
S1-440182890	threshold	India
S1-338402760	threshold	US
S1-402525644	threshold	India
S1-799653542	threshold	US
S1-445709924	threshold	US
S1-136613239	threshold	India
S1-603358317	threshold	India
S1-158366473	threshold	US
S1-155815963	threshold	US
S1-751457536	threshold	US
S1-880712624	threshold	US
S1-697972215	threshold	US
S1-779281781	threshold	India
S1-545431660	threshold	India
S1-647791346	threshold	US
S1-758715138	threshold	US
S1-854308441	threshold	India
S1-730165252	threshold	US
S1-593952140	threshold	US
S1-753035897	threshold	US
S1-383409372	threshold	India
S1-240176175	threshold	India
S1-941126256	threshold	US
S1-707409892	threshold	US
S1-427706896	threshold	India
S1-16213030	threshold	US
S1-790875518	threshold	US
S1-15749497	threshold	US
S1-781453824	threshold	India
S1-570808271	threshold	India
S1-300423605	threshold	US
S1-888435485	threshold	US
S1-150016273	threshold	India
S1-784954438	threshold	US
S1-232293313	threshold	US
S1-817128034	threshold	US
S1-46563464	threshold	US
S1-293527283	threshold	India
S1-473625804	threshold	US
S1-931398401	threshold	US
S1-580303887	threshold	US
S1-301281894	threshold	US
S1-524923235	threshold	US
S1-971489051	threshold	India
S1-858779233	threshold	India
S1-541686110	threshold	India
S1-4366347	threshold	US
S1-460983231	threshold	India
S1-186353865	threshold	US
S1-94749756	threshold	US
S1-406008625	threshold	India
S1-584223883	threshold	India
S1-258346426	threshold	India
S1-417451480	threshold	India
S1-457654868	threshold	US
S1-102742732	threshold	US
S1-801594737	threshold	US
S1-618913839	threshold	India
S1-446911279	threshold	India
S1-464174961	threshold	US
S1-579858382	threshold	India
S1-586733056	threshold	US
S1-100068368	threshold	US
S1-717790210	threshold	India
S1-458642998	threshold	India
S1-310646627	threshold	US
S1-702004041	threshold	US
S1-365132326	threshold	US
S1-656399201	threshold	US
S1-899588924	threshold	India
S1-692969184	threshold	US
S1-57590840	threshold	US
S1-615265106	threshold	India
S1-540591642	threshold	US
S1-46772329	threshold	India
S1-479541310	threshold	India
S1-656215630	threshold	India
S1-902951578	threshold	US
S1-468884617	threshold	US
S1-30661998	threshold	US
S1-127343543	threshold	India
S1-214826536	threshold	US
S1-314829187	threshold	US
S1-994355470	threshold	US
S1-487320345	threshold	India
S1-880057527	threshold	India
S1-836540645	threshold	US
S1-940391095	threshold	India
S1-613892069	threshold	India
S1-286633488	threshold	US
S1-480479216	threshold	US
S1-507702440	threshold	US
S1-638904994	threshold	US
S1-460093971	threshold	US
S1-126216375	threshold	India
S1-299172751	threshold	India
S1-954954629	threshold	US
S1-705509442	threshold	US
S1-368678086	threshold	US
S1-959439327	threshold	US
S1-771481073	threshold	India
S1-191379841	threshold	US
S1-600820003	threshold	India
S1-816510195	threshold	India
S1-311061629	threshold	India
S1-905114598	threshold	India
S1-824773681	threshold	India
S1-267393179	threshold	India
S1-669881664	threshold	US
S1-185100376	threshold	US
S1-2792897	threshold	US
S1-461861778	threshold	US
S1-57627464	threshold	US
S1-543037092	threshold	US
S1-226929937	threshold	US
S1-772573378	threshold	US
S1-612435005	threshold	US
S1-900999778	threshold	US
S1-100142077	threshold	US
S1-417669565	threshold	US
S1-215684944	threshold	US
S1-839882604	threshold	US
S1-675708769	threshold	US
S1-551540639	threshold	India
S1-503982247	threshold	India
S1-383058720	threshold	US
S1-20919531	threshold	US
S1-332150508	threshold	India
S1-204749325	threshold	India
S1-135259393	threshold	India
S1-578687215	threshold	India
S1-346688402	threshold	US
S1-275665133	threshold	India
S1-496363375	threshold	India
S1-366287899	threshold	India
S1-132718779	threshold	US
S1-358549261	threshold	India
S1-183073067	threshold	US
S1-765469886	threshold	India
S1-961599798	threshold	India
S1-679063081	threshold	US
S1-331497206	threshold	India
S1-447896253	threshold	India
S1-43335476	threshold	US
S1-220786858	threshold	US
S1-128793131	threshold	US
S1-128019678	threshold	India
S1-452007306	threshold	US
S1-997159872	threshold	US
S1-979489176	threshold	US
S1-964807542	threshold	India
S1-195345180	threshold	India
S1-769966866	threshold	India
S1-285405590	threshold	India
S1-140644118	threshold	US
S1-432870793	threshold	India
S1-710572770	threshold	US
S1-332693118	threshold	US
S1-96655068	threshold	India
S1-679151239	threshold	India
S1-345383085	threshold	US
S1-297108377	threshold	US
S1-51788771	threshold	US
S1-800879064	threshold	India
S1-862166292	threshold	US
S1-448738812	threshold	US
S1-869351241	threshold	India
S1-655687338	threshold	US
S1-22064195	threshold	US
S1-495465342	threshold	US
S1-945876204	threshold	US
S1-669763428	threshold	US
S1-530019575	threshold	India
S1-485885855	threshold	US
S1-505990589	threshold	US
S1-377610144	threshold	US
S1-894924083	threshold	US
S1-695154491	threshold	US
S1-490979874	threshold	US
S1-266604532	threshold	US
S1-617955364	threshold	India
S1-993622969	threshold	US
S1-502575979	threshold	US
S1-570706592	threshold	India
S1-57531878	threshold	US
S1-408806916	threshold	India
S1-922033252	threshold	US
S1-124596157	threshold	India
S1-860032176	threshold	US
S1-466296213	threshold	India
S1-723132646	threshold	US
S1-984300820	threshold	US
S1-105860186	threshold	India
S1-839731521	threshold	US
S1-227742912	threshold	India
S1-518084106	threshold	India
S1-455336970	threshold	US
S1-933163318	threshold	US
S1-187811395	threshold	US
S1-25422411	threshold	India
S1-588400788	threshold	India
S1-88989595	threshold	India
S1-705005118	threshold	US
S1-379775857	threshold	US
S1-406991564	threshold	US
S1-4467341	threshold	US
S1-267614779	threshold	US
S1-956641036	threshold	US
S1-500325809	threshold	US
S1-444549398	threshold	US
S1-45029659	threshold	India
S1-634603941	threshold	US
S1-298831734	threshold	India
S1-65470250	threshold	India
S1-42175556	threshold	US
S1-526150028	threshold	India
S1-142830599	threshold	US
S1-62526161	threshold	US
S1-763756044	threshold	US
S1-951438507	threshold	US
S1-895019616	threshold	India
S1-962814201	threshold	India
S1-330375078	threshold	US
S1-80809024	threshold	US
S1-457004264	threshold	US
S1-909588123	threshold	US
S1-10479269	threshold	India
S1-433760347	threshold	US
S1-437384887	threshold	India
S1-557872233	threshold	US
S1-214413179	threshold	US
S1-84433118	threshold	India
S1-984427085	threshold	India
S1-490795040	threshold	US
S1-359497006	threshold	India
S1-905611684	threshold	India
S1-42615630	threshold	India
S1-887685755	threshold	US
S1-964750339	threshold	US
S1-231189488	threshold	India
S1-871559049	threshold	India
S1-98412154	threshold	India
S1-684925689	threshold	US
S1-893839353	threshold	US
S1-62841670	threshold	US
S1-985971352	threshold	US
S1-540956061	threshold	US
S1-930689633	threshold	India
S1-431054895	threshold	US
S1-300714754	threshold	India
S1-983838459	threshold	US
S1-624773253	threshold	US
S1-368381259	threshold	US
S1-534835069	threshold	US
S1-520233702	threshold	India
S1-671027736	threshold	US
S1-703346179	threshold	India
S1-539620766	threshold	India
S1-975440942	threshold	India
S1-239801680	threshold	India
S1-151131575	threshold	India
S1-372650128	threshold	India
S1-564218969	threshold	US
S1-781880682	threshold	US
S1-414388287	threshold	US
S1-555376753	threshold	US
S1-920798542	threshold	US
S1-387914884	threshold	India
S1-100756339	threshold	US
S1-742700793	threshold	US
S1-648445392	threshold	US
S1-68112423	threshold	India
S1-646460447	threshold	India
S1-361775943	threshold	India
S1-602706958	threshold	US
S1-950872765	threshold	India
S1-743518127	threshold	US
S1-623322196	threshold	US
S1-631478130	threshold	India
S1-425654715	threshold	US
S1-463234314	threshold	US
S1-912835244	threshold	India
S1-635932001	threshold	US
S1-186503434	threshold	India
S1-811756311	threshold	US
S1-302095231	threshold	US
S1-597648670	threshold	India
S1-398541478	threshold	India
S1-948740531	threshold	US
S1-140087272	threshold	India
S1-178888899	threshold	US
S1-90422284	threshold	India
S1-943036955	threshold	US
S1-257481581	threshold	India
S1-259625696	threshold	US
S1-141373120	threshold	India
S1-673611344	threshold	US
S1-242918781	threshold	US
S1-667376840	threshold	US
S1-947567401	threshold	India
S1-861151382	threshold	US
S1-262745554	threshold	US
S1-309031086	threshold	US
S1-21125000	threshold	US
S1-291347775	threshold	US
S1-570383107	threshold	US
S1-658397932	threshold	US
S1-537635463	threshold	India
S1-495759983	threshold	US
S1-168012203	threshold	US
S1-110341170	threshold	US
S1-546997929	threshold	US
S1-18648072	threshold	India
S1-405803467	threshold	India
S1-474835364	threshold	US
S1-629921273	threshold	India
S1-178880944	threshold	India
S1-969966892	threshold	US
S1-940308460	threshold	US
S1-863610245	threshold	US
S1-812422584	threshold	US
S1-236129651	threshold	India
S1-336205046	threshold	India
S1-697534467	threshold	US
S1-170453464	threshold	US
S1-401707829	threshold	India
S1-103419719	threshold	India
S1-804511504	threshold	US
S1-219694134	threshold	US
S1-60154162	threshold	India
S1-737814044	threshold	US
S1-977428407	threshold	India
S1-831708705	threshold	US
S1-463724829	threshold	India
S1-536758080	threshold	India
S1-310512980	threshold	US
S1-145638180	threshold	US
S1-969463398	threshold	US
S1-412976435	threshold	US
S1-17726879	threshold	US
S1-256501632	threshold	India
S1-892658987	threshold	US
S1-218923458	threshold	US
S1-840290995	threshold	US
S1-676734653	threshold	US
S1-403141494	threshold	India
S1-951520175	threshold	US
S1-627427723	threshold	India
S1-12765855	threshold	US
S1-22683316	threshold	US
S1-625955320	threshold	US
S1-212148743	threshold	India
S1-742528574	threshold	US
S1-919740289	threshold	US
S1-3142820	threshold	US
S1-214202522	threshold	India
S1-386197582	threshold	India
S1-997906951	threshold	US
S1-307635712	threshold	India
S1-945957063	threshold	India
S1-658309116	threshold	US
S1-544352535	threshold	US
S1-555463398	threshold	India
S1-659922238	threshold	US
S1-44461115	threshold	US
S1-499665485	threshold	US
S1-524387938	threshold	India
S1-522321562	threshold	US
S1-530020797	threshold	India
S1-811353697	threshold	US
S1-648310503	threshold	India
S1-857533499	threshold	US
S1-887040268	threshold	India
S1-902221915	threshold	US
S1-147423970	threshold	India
S1-937207448	threshold	US
S1-853226248	threshold	India
S1-573414930	threshold	India
S1-388559340	threshold	US
S1-273888314	threshold	US
S1-717640786	threshold	India
S1-605636251	threshold	US
S1-685099735	threshold	US
S1-681697206	threshold	India
S1-57149894	threshold	India
S1-689534140	threshold	US
S1-619880308	threshold	US
S1-443991257	threshold	US
S1-906838495	threshold	US
S1-372468661	threshold	India
S1-959183945	threshold	US
S1-557113195	threshold	US
S1-389096730	threshold	US
S1-857283849	threshold	US
S1-207718019	threshold	India
S1-571122151	threshold	India
S1-39539370	threshold	US
S1-887593838	threshold	US
S1-16259744	threshold	India
S1-512523333	threshold	US
S1-309263085	threshold	US
S1-216596562	threshold	India
S1-644207901	threshold	India
S1-510548727	threshold	India
S1-727601199	threshold	India
S1-440638569	threshold	US
S1-95526056	threshold	US
S1-13734514	threshold	India
S1-870727542	threshold	US
S1-75979108	threshold	US
S1-78365562	threshold	US
S1-144364440	threshold	US
S1-60581521	threshold	US
S1-130625562	threshold	US
S1-438791793	threshold	US
S1-318603913	threshold	India
S1-533875137	threshold	India
S1-64509295	threshold	US
S1-400954497	threshold	India
S1-585732147	threshold	India
S1-647571226	threshold	US
S1-774944847	threshold	US
S1-508723614	threshold	US
S1-612479463	threshold	India
S1-420400976	threshold	US
S1-420413444	threshold	US
S1-298702853	threshold	India
S1-642728804	threshold	US
S1-812466700	threshold	US
S1-639289498	threshold	India
S1-497389149	threshold	India
S1-773513048	threshold	US
S1-200036227	threshold	India
S1-356050630	threshold	US
S1-473066766	threshold	India
S1-806426420	threshold	India
S1-990113497	threshold	India
S1-904321278	threshold	US
S1-331360922	threshold	US
S1-651865305	threshold	US
S1-543717518	threshold	US
S1-324060799	threshold	US
S1-509149839	threshold	US
S1-455621292	threshold	India
S1-830940325	threshold	US
S1-317992362	threshold	India
S1-403372320	threshold	US
S1-932134600	threshold	India
S1-863011265	threshold	India
S1-710313889	threshold	India
S1-26564701	threshold	US
S1-525085545	threshold	India
S1-929046961	threshold	India
S1-638364215	threshold	India
S1-767994640	threshold	India
S1-958557994	threshold	US
S1-818953028	threshold	US
S1-298289389	threshold	India
S1-206961497	threshold	US
S1-241215996	threshold	US
S1-858933165	threshold	US
S1-502895583	threshold	US
S1-299217709	threshold	US
S1-828435382	threshold	US
S1-90423819	threshold	US
S1-972810032	threshold	US
S1-177717463	threshold	India
S1-283532908	threshold	US
S1-753666163	threshold	India
S1-935623466	threshold	US
S1-303520687	threshold	US
S1-199661760	threshold	India
S1-374195679	threshold	India
S1-239366082	threshold	India
S1-921672819	threshold	US
S1-384744161	threshold	US
S1-222477724	threshold	India
S1-764630736	threshold	US
S1-382733615	threshold	US
S1-58017110	threshold	US
S1-514127984	threshold	India
S1-48228062	threshold	India
S1-804502424	threshold	US
S1-460358643	threshold	US
S1-942889479	threshold	India
S1-415387652	threshold	US
S1-775918192	threshold	India
S1-873312194	threshold	US
S1-424656299	threshold	India
S1-259372152	threshold	US
S1-604960608	threshold	India
S1-168029327	threshold	US
S1-6084377	threshold	US
S1-554735184	threshold	India
S1-645433960	threshold	US
S1-1255806	threshold	US
S1-355879588	threshold	US
S1-262578840	threshold	US
S1-368524424	threshold	India
S1-361635725	threshold	US
S1-741141712	threshold	US
S1-90800427	threshold	US
S1-205128396	threshold	India
S1-661189535	threshold	US
S1-479294586	threshold	India
S1-864114022	threshold	US
S1-790401062	threshold	India
S1-976072321	threshold	US
S1-526458565	threshold	India
S1-88574353	threshold	US
S1-703337102	threshold	US
S1-301075321	threshold	US
S1-582279058	threshold	US
S1-772114001	threshold	US
S1-350682814	threshold	US
S1-556372777	threshold	India
S1-583418051	threshold	India
S1-693360659	threshold	US
S1-458152019	threshold	US
S1-587795669	threshold	US
S1-993788834	threshold	US
S1-931628047	threshold	US
S1-729922026	threshold	US
S1-275933726	threshold	US
S1-47614726	threshold	US
S1-118081533	threshold	US
S1-632083755	threshold	US
S1-432985237	threshold	US
S1-845896087	threshold	India
S1-358471907	threshold	India
S1-446498581	threshold	India
S1-741739873	threshold	US
S1-993229015	threshold	India
S1-780124368	threshold	US
S1-25172401	threshold	US
S1-359797694	threshold	US
S1-457168014	threshold	US
S1-187881584	threshold	India
S1-727623863	threshold	India
S1-923854106	threshold	US
S1-320083541	threshold	US
S1-683692516	threshold	US
S1-789932635	threshold	India
S1-76006703	threshold	India
S1-743732008	threshold	India
S1-401568774	threshold	US
S1-173888632	threshold	US
S1-513280530	threshold	India
S1-537102805	threshold	India
S1-924765264	threshold	US
S1-122811452	threshold	US
S1-446504712	threshold	US
S1-663034853	threshold	US
S1-106743964	threshold	India
S1-438428759	threshold	India
S1-126375756	threshold	India
S1-81652832	threshold	US
S1-181551895	threshold	US
S1-741225797	threshold	US
S1-151458794	threshold	India
S1-310859728	threshold	India
S1-352663541	threshold	US
S1-472495860	threshold	US
S1-763366322	threshold	India
S1-177127745	threshold	US
S1-317661666	threshold	India
S1-724933335	threshold	India
S1-569220134	threshold	US
S1-74631926	threshold	India
S1-321917436	threshold	US
S1-896041371	threshold	US
S1-183494397	threshold	India
S1-945011527	threshold	India
S1-538473073	threshold	India
S1-117140847	threshold	India
S1-663741058	threshold	US
S1-801801281	threshold	US
S1-792558400	threshold	US
S1-552036989	threshold	US
S1-225780287	threshold	US
S1-381891678	threshold	US
S1-530703056	threshold	US
S1-343679515	threshold	US
S1-488762505	threshold	India
S1-36004092	threshold	India
S1-152991227	threshold	India
S1-378542116	threshold	US
S1-620075860	threshold	US
S1-478399779	threshold	US
S1-869818295	threshold	US
S1-648637664	threshold	India
S1-912708114	threshold	India
S1-628954967	threshold	India
S1-437542690	threshold	US
S1-889593446	threshold	US
S1-52234317	threshold	US
S1-661877024	threshold	US
S1-719146779	threshold	US
S1-350188684	threshold	US
S1-168000012	threshold	India
S1-652191376	threshold	US
S1-267117100	threshold	India
S1-14032610	threshold	US
S1-544332491	threshold	US
S1-624179092	threshold	US
S1-372404571	threshold	US
S1-467518919	threshold	US
S1-371296207	threshold	India
S1-974338933	threshold	US
S1-485283222	threshold	US
S1-671696287	threshold	India
S1-902381487	threshold	US
S1-738532679	threshold	India
S1-975490527	threshold	US
S1-174987892	threshold	US
S1-283887551	threshold	US
S1-897847907	threshold	India
S1-539221849	threshold	India
S1-962067563	threshold	US
S1-988391294	threshold	India
S1-201330964	threshold	US
S1-441910330	threshold	US
S1-157552009	threshold	US
S1-133880635	threshold	US
S1-382334348	threshold	India
S1-167429704	threshold	India
S1-575839472	threshold	US
S1-642067992	threshold	US
S1-690753622	threshold	US
S1-165840694	threshold	US
S1-465484050	threshold	US
S1-736084307	threshold	India
S1-526299952	threshold	India
S1-351785522	threshold	India
S1-9871408	threshold	US
S1-278247504	threshold	US
S1-785538453	threshold	India
S1-459344496	threshold	US
S1-606800471	threshold	US
S1-187940189	threshold	US
S1-230372639	threshold	US
S1-873467597	threshold	US
S1-360741363	threshold	India
S1-144943987	threshold	US
S1-388643219	threshold	US
S1-462356135	threshold	India
S1-964598388	threshold	US
S1-330343832	threshold	US
S1-415251082	threshold	India
S1-684705921	threshold	US
S1-276725845	threshold	India
S1-596123639	threshold	US
S1-553294476	threshold	India
S1-559578336	threshold	US
S1-585344984	threshold	US
S1-680918444	threshold	US
S1-164895843	threshold	US
S1-8862187	threshold	US
S1-23402702	threshold	US
S1-48246771	threshold	India
S1-583032125	threshold	US
S1-384094106	threshold	India
S1-895766902	threshold	US
S1-602206249	threshold	India
S1-969269796	threshold	US
S1-276648539	threshold	US
S1-714200343	threshold	US
S1-242214578	threshold	India
S1-839116751	threshold	US
S1-966046149	threshold	US
S1-508851222	threshold	US
S1-467308544	threshold	US
S1-591365454	threshold	India
S1-859419134	threshold	India
S1-405657033	threshold	US
S1-825939713	threshold	US
S1-56461074	threshold	India
S1-107192979	threshold	India
S1-617212058	threshold	US
S1-746163796	threshold	India
S1-119941908	threshold	India
S1-243689067	threshold	India
S1-677643060	threshold	US
S1-836268220	threshold	India
S1-885678021	threshold	US
S1-331902004	threshold	US
S1-238519980	threshold	US
S1-814559379	threshold	US
S1-360849201	threshold	US
S1-485012694	threshold	India
S1-740370301	threshold	India
S1-265595946	threshold	India
S1-997887955	threshold	India
S1-572565461	threshold	US
S1-257430011	threshold	US
S1-632767674	threshold	US
S1-636638932	threshold	US
S1-602477317	threshold	India
S1-819900904	threshold	US
S1-137095493	threshold	India
S1-594741161	threshold	US
S1-76931130	threshold	India
S1-245994998	threshold	US
S1-852177551	threshold	US
S1-619768235	threshold	India
S1-580292602	threshold	US
S1-158495377	threshold	India
S1-516350938	threshold	India
S1-284114210	threshold	India
S1-833919988	threshold	India
S1-257880822	threshold	India
S1-347482610	threshold	US
S1-116002386	threshold	US
S1-55631893	threshold	US
S1-676397172	threshold	India
S1-243552404	threshold	US
S1-513747209	threshold	India
S1-848598257	threshold	US
S1-591208323	threshold	US
S1-865789530	threshold	US
S1-960448383	threshold	India
S1-466304465	threshold	US
S1-139077236	threshold	India
S1-913871258	threshold	US
S1-100896850	threshold	India
S1-748272105	threshold	India
S1-418178451	threshold	India
S1-181716830	threshold	US
S1-93513458	threshold	US
S1-430619503	threshold	US
S1-873421080	threshold	US
S1-215993633	threshold	US
S1-942583919	threshold	US
S1-553063989	threshold	India
S1-417176111	threshold	India
S1-927608427	threshold	India
S1-794475207	threshold	US
S1-60245622	threshold	India
S1-267571103	threshold	US
S1-195065588	threshold	US
S1-738055820	threshold	US
S1-636873817	threshold	US
S1-710364967	threshold	India
S1-722799320	threshold	India
S1-881240133	threshold	US
S1-627848788	threshold	US
S1-24667271	threshold	US
S1-117885644	threshold	US
S1-72927847	threshold	US
S1-474111328	threshold	India
S1-291209190	threshold	India
S1-782806126	threshold	US
S1-848967715	threshold	India
S1-661149878	threshold	India
S1-673238884	threshold	US
S1-642235132	threshold	US
S1-646597465	threshold	US
S1-129478687	threshold	US
S1-61407019	threshold	India
S1-629964045	threshold	India
S1-699579101	threshold	US
S1-100459359	threshold	India
S1-184559825	threshold	US
S1-924104885	threshold	US
S1-656089284	threshold	US
S1-973123448	threshold	US
S1-622893019	threshold	US
S1-611305569	threshold	US
S1-129593876	threshold	US
S1-360408915	threshold	India
S1-977007630	threshold	India
S1-449483035	threshold	India
S1-759688950	threshold	US
S1-254910476	threshold	US
S1-608825053	threshold	US
S1-219658483	threshold	India
S1-178389699	threshold	India
S1-206085566	threshold	US
S1-11125033	threshold	US
S1-821828753	threshold	India
S1-232702470	threshold	US
S1-362767237	threshold	India
S1-851819883	threshold	India
S1-889373622	threshold	US
S1-260772475	threshold	US
S1-917736302	threshold	India
S1-241406982	threshold	US
S1-996646246	threshold	India
S1-483381007	threshold	India
S1-973206839	threshold	US
S1-653613034	threshold	India
S1-334835129	threshold	India
S1-790779916	threshold	US
S1-717593731	threshold	India
S1-918512913	threshold	US
S1-531355654	threshold	US
S1-199391504	threshold	US
S1-980929932	threshold	US
S1-957466422	threshold	US
S1-274044563	threshold	US
S1-521437161	threshold	India
S1-412963970	threshold	US
S1-538001116	threshold	US
S1-305676417	threshold	US
S1-289981009	threshold	US
S1-580896020	threshold	India
S1-247480463	threshold	India
S1-377096122	threshold	US
S1-340581786	threshold	US
S1-279240865	threshold	India
S1-81604584	threshold	US
S1-559846766	threshold	US
S1-168439313	threshold	US
S1-624999319	threshold	India
S1-572215983	threshold	India
S1-351196814	threshold	India
S1-480502044	threshold	US
S1-34445593	threshold	India
S1-637138936	threshold	India
S1-936239105	threshold	India
S1-377754	threshold	US
S1-325813874	threshold	India
S1-421444052	threshold	India
S1-392943529	threshold	US
S1-161397233	threshold	US
S1-58951994	threshold	India
S1-705253088	threshold	US
S1-736639255	threshold	US
S1-864811318	threshold	US
S1-776271896	threshold	India
S1-719252289	threshold	India
S1-504633439	threshold	US
S1-440478245	threshold	India
S1-505852417	threshold	India
S1-81202499	threshold	US
S1-69197875	threshold	US
S1-203999611	threshold	India
S1-15111919	threshold	US
S1-848231690	threshold	US
S1-364976036	threshold	India
S1-419528773	threshold	US
S1-248566645	threshold	India
S1-569120116	threshold	US
S1-904050736	threshold	India
S1-591004479	threshold	India
S1-32890187	threshold	India
S1-848168379	threshold	India
S1-445519594	threshold	US
S1-8653036	threshold	US
S1-330360206	threshold	India
S1-931538662	threshold	US
S1-461338785	threshold	India
S1-901531731	threshold	US
S1-997556430	threshold	US
S1-14329636	threshold	India
S1-509554691	threshold	US
S1-531876509	threshold	India
S1-53614683	threshold	US
S1-550107957	threshold	US
S1-419774715	threshold	India
S1-690584528	threshold	US
S1-155827507	threshold	US
S1-902162510	threshold	US
S1-578570675	threshold	US
S1-164206709	threshold	India
S1-814374013	threshold	US
S1-981112652	threshold	US
S1-476596456	threshold	US
S1-285507963	threshold	India
S1-989993401	threshold	India
S1-521040939	threshold	US
S1-582112437	threshold	US
S1-373200730	threshold	US
S1-932103687	threshold	US
S1-248264376	threshold	India
S1-725464885	threshold	US
S1-697172071	threshold	US
S1-12468430	threshold	India
S1-959464506	threshold	India
S1-817617262	threshold	India
S1-556931972	threshold	US
S1-340376765	threshold	US
S1-550479275	threshold	US
S1-434519573	threshold	US
S1-338241579	threshold	US
S1-553607762	threshold	US
S1-103924907	threshold	India
S1-890471692	threshold	US
S1-288687563	threshold	US
S1-239545712	threshold	US
S1-500654980	threshold	India
S1-895783810	threshold	India
S1-347400554	threshold	India
S1-80081292	threshold	US
S1-511866801	threshold	India
S1-38243423	threshold	US
S1-18132941	threshold	US
S1-892426172	threshold	US
S1-881787649	threshold	US
S1-531442435	threshold	US
S1-33923042	threshold	US
S1-859222348	threshold	US
S1-761592902	threshold	India
S1-378229040	threshold	US
S1-63865124	threshold	US
S1-332668814	threshold	India
S1-524815069	threshold	India
S1-874616400	threshold	US
S1-520785951	threshold	US
S1-504981437	threshold	US
S1-913918161	threshold	India
S1-376270080	threshold	US
S1-189416296	threshold	US
S1-35553965	threshold	US
S1-584474357	threshold	India
S1-507378186	threshold	India
S1-378215331	threshold	US
S1-655124544	threshold	US
S1-447926193	threshold	India
S1-837535866	threshold	India
S1-392010153	threshold	US
S1-778807938	threshold	India
S1-310115385	threshold	US
S1-29541193	threshold	US
S1-416033981	threshold	US
S1-645547203	threshold	US
S1-634580933	threshold	US
S1-23849827	threshold	India
S1-289510718	threshold	India
S1-549210446	threshold	India
S1-445066973	threshold	India
S1-517868794	threshold	India
S1-294624104	threshold	US
S1-864144713	threshold	India
S1-475312810	threshold	US
S1-974915356	threshold	US
S1-415021849	threshold	India
S1-746484214	threshold	US
S1-553140387	threshold	US
S1-71228182	threshold	US
S1-164452511	threshold	India
S1-725696465	threshold	India
S1-546780582	threshold	India
S1-57228469	threshold	US
S1-672847283	threshold	US
S1-597734553	threshold	US
S1-345335367	threshold	India
S1-772827837	threshold	India
S1-219890537	threshold	India
S1-992428841	threshold	US
S1-328699870	threshold	US
S1-978961490	threshold	US
S1-574793388	threshold	US
S1-190554773	threshold	US
S1-797686136	threshold	India
S1-114894408	threshold	US
S1-500910092	threshold	India
S1-128308228	threshold	US
S1-957753894	threshold	India
S1-662610492	threshold	India
S1-500519043	threshold	US
S1-938365785	threshold	US
S1-938264029	threshold	US
S1-270504040	threshold	India
S1-733282272	threshold	US
S1-234290223	threshold	US
S1-701481247	threshold	US
S1-693786704	threshold	US
S1-201218730	threshold	US
S1-56661614	threshold	India
S1-846887056	threshold	US
S1-240858982	threshold	US
S1-480891432	threshold	US
S1-241668390	threshold	India
S1-978345694	threshold	US
S1-333689129	threshold	US
S1-891344553	threshold	US
S1-291894944	threshold	India
S1-788035298	threshold	India
S1-767997080	threshold	India
S1-735029848	threshold	India
S1-858484094	threshold	US
S1-932672945	threshold	India
S1-747924718	threshold	US
S1-24543554	threshold	US
S1-289247698	threshold	India
S1-355903123	threshold	India
S1-877174297	threshold	US
S1-636943120	threshold	India
S1-680357719	threshold	US
S1-220435494	threshold	US
S1-21031952	threshold	India
S1-667152601	threshold	US
S1-75468314	threshold	US
S1-325124278	threshold	US
S1-217578308	threshold	India
S1-828761095	threshold	India
S1-91033705	threshold	US
S1-404953820	threshold	India
S1-854707972	threshold	US
S1-492573639	threshold	India
S1-985763708	threshold	US
S1-527391155	threshold	US
S1-571084211	threshold	US
S1-958735012	threshold	US
S1-284461513	threshold	India
S1-81960785	threshold	US
S1-149155395	threshold	India
S1-471206444	threshold	US
S1-388385628	threshold	US
S1-719459337	threshold	India
S1-971270917	threshold	US
S1-808784393	threshold	US
S1-363385598	threshold	India
S1-586636924	threshold	India
S1-642700232	threshold	US
S1-95462631	threshold	India
S1-15227215	threshold	US
S1-927350914	threshold	US
S1-863178487	threshold	India
S1-725701033	threshold	India
S1-325490010	threshold	US
S1-849636205	threshold	US
S1-805221112	threshold	India
S1-891604873	threshold	US
S1-248483026	threshold	US
S1-574260638	threshold	India
S1-48114642	threshold	India
S1-72485812	threshold	US
S1-713364283	threshold	India
S1-828100611	threshold	US
S1-938220224	threshold	US
S1-681723115	threshold	India
S1-347875546	threshold	US
S1-719757749	threshold	US
S1-390620153	threshold	India
S1-211492872	threshold	India
S1-786814981	threshold	US
S1-508271088	threshold	US
S1-987773355	threshold	US
S1-846016389	threshold	US
S1-728263706	threshold	US
S1-803924430	threshold	US
S1-43584891	threshold	US
S1-337148579	threshold	India
S1-579739363	threshold	India
S1-716728614	threshold	India
S1-805260451	threshold	US
S1-822546157	threshold	India
S1-64810805	threshold	US
S1-692704998	threshold	India
S1-813170327	threshold	India
S1-542708280	threshold	India
S1-35310486	threshold	India
S1-252096952	threshold	US
S1-83429131	threshold	US
S1-514810885	threshold	US
S1-630310759	threshold	US
S1-202444728	threshold	US
S1-97782350	threshold	US
S1-123189519	threshold	US
S1-432326658	threshold	US
S1-809087419	threshold	US
S1-951440547	threshold	US
S1-927268721	threshold	US
S1-822458982	threshold	India
S1-843623425	threshold	US
S1-270159883	threshold	India
S1-139922907	threshold	US
S1-233929343	threshold	India
S1-830676467	threshold	US
S1-687445766	threshold	US
S1-321284014	threshold	India
S1-12856789	threshold	US
S1-745153266	threshold	India
S1-711961601	threshold	US
S1-410087180	threshold	US
S1-422051827	threshold	US
S1-493405987	threshold	US
S1-920086226	threshold	India
S1-948864571	threshold	India
S1-558533397	threshold	US
S1-421262079	threshold	India
S1-154510988	threshold	India
S1-494080703	threshold	US
S1-675465875	threshold	US
S1-674720122	threshold	India
S1-318296565	threshold	US
S1-554072642	threshold	India
S1-152511483	threshold	US
S1-635276876	threshold	US
S1-847681565	threshold	US
S1-349042946	threshold	India
S1-31675611	threshold	US
S1-268782386	threshold	US
S1-83456753	threshold	US
S1-483166451	threshold	US
S1-638792083	threshold	US
S1-888201139	threshold	India
S1-921609823	threshold	India
S1-909081661	threshold	India
S1-803184921	threshold	US
S1-408100959	threshold	US
S1-737857793	threshold	US
S1-993861336	threshold	US
S1-414740644	threshold	US
S1-672348092	threshold	India
S1-259678892	threshold	US
S1-461501708	threshold	US
S1-794484965	threshold	US
S1-91594395	threshold	US
S1-323822518	threshold	US
S1-84942565	threshold	US
S1-627313829	threshold	US
S1-858339260	threshold	US
S1-617715867	threshold	India
S1-406986216	threshold	US
S1-957850280	threshold	India
S1-602270149	threshold	US
S1-621948764	threshold	US
S1-793526462	threshold	US
S1-570769523	threshold	US
S1-303878810	threshold	US
S1-592209496	threshold	US
S1-405349996	threshold	US
S1-84743848	threshold	US
S1-786614256	threshold	US
S1-32923652	threshold	India
S1-352941265	threshold	US
S1-928632218	threshold	US
S1-205040750	threshold	India
S1-234530880	threshold	US
S1-997310449	threshold	US
S1-206538478	threshold	India
S1-430893489	threshold	India
S1-423513289	threshold	US
S1-246453709	threshold	US
S1-515251257	threshold	US
S1-405773824	threshold	US
S1-921918763	threshold	India
S1-764183131	threshold	India
S1-495369573	threshold	US
S1-488015205	threshold	US
S1-244689221	threshold	US
S1-936462898	threshold	US
S1-84108715	threshold	US
S1-106911353	threshold	India
S1-924468924	threshold	US
S1-517809131	threshold	India
S1-105284036	threshold	US
S1-651819393	threshold	US
S1-1338906	threshold	US
S1-660286763	threshold	India
S1-867246783	threshold	India
S1-124011915	threshold	US
S1-841001271	threshold	India
S1-446790680	threshold	India
S1-697019244	threshold	US
S1-695361926	threshold	US
S1-127277689	threshold	India
S1-37528531	threshold	India
S1-357670884	threshold	US
S1-546759621	threshold	US
S1-119838	threshold	US
S1-838458027	threshold	India
S1-503387651	threshold	US
S1-246184610	threshold	India
S1-966784793	threshold	India
S1-524026560	threshold	US
S1-587699793	threshold	India
S1-653743813	threshold	India
S1-983675740	threshold	US
S1-333328963	threshold	India
S1-511002902	threshold	US
S1-540260949	threshold	US
S1-785700744	threshold	US
S1-556090558	threshold	US
S1-809102070	threshold	India
S1-790812090	threshold	India
S1-656744026	threshold	US
S1-256050262	threshold	India
S1-977926965	threshold	India
S1-353648569	threshold	India
S1-886432883	threshold	US
S1-602059824	threshold	US
S1-496211847	threshold	US
S1-296847654	threshold	US
S1-961362009	threshold	US
S1-96259258	threshold	US
S1-771813513	threshold	India
S1-670506501	threshold	India
S1-713067446	threshold	US
S1-711589554	threshold	US
S1-952299777	threshold	India
S1-692255056	threshold	US
S1-33214499	threshold	India
S1-360173826	threshold	US
S1-676075126	threshold	India
S1-968857113	threshold	US
S1-483339910	threshold	US
S1-674176560	threshold	US
S1-378687187	threshold	US
S1-438865454	threshold	India
S1-527515238	threshold	US
S1-226662730	threshold	US
S1-508041906	threshold	US
S1-301447022	threshold	US
S1-922604488	threshold	India
S1-494230466	threshold	US
S1-929220652	threshold	US
S1-975414907	threshold	US
S1-343792606	threshold	US
S1-706806685	threshold	India
S1-288944667	threshold	India
S1-908774678	threshold	US
S1-47269968	threshold	US
S1-937822839	threshold	India
S1-651841115	threshold	US
S1-720997739	threshold	US
S1-377337290	threshold	India
S1-831423983	threshold	India
S1-526633677	threshold	US
S1-109068895	threshold	US
S1-826689029	threshold	India
S1-774409902	threshold	US
S1-218452043	threshold	US
S1-372273669	threshold	US
S1-513690333	threshold	India
S1-887764909	threshold	US
S1-456789685	threshold	India
S1-970132031	threshold	US
S1-290525383	threshold	India
S1-736060253	threshold	India
S1-279566219	threshold	India
S1-358825254	threshold	India
S1-406406949	threshold	US
S1-899077105	threshold	US
S1-408177491	threshold	US
S1-528002821	threshold	India
S1-561638920	threshold	India
S1-297563705	threshold	US
S1-805333675	threshold	US
S1-103335181	threshold	India
S1-351373257	threshold	US
S1-312858181	threshold	India
S1-666997992	threshold	US
S1-151577116	threshold	India
S1-782117857	threshold	India
S1-559398657	threshold	US
S1-102061257	threshold	India
S1-10150558	threshold	US
S1-29395176	threshold	US
S1-480149427	threshold	US
S1-672861276	threshold	India
S1-522712507	threshold	US
S1-483998800	threshold	India
S1-53176272	threshold	US
S1-519268038	threshold	US
S1-512903685	threshold	US
S1-947627309	threshold	US
S1-77955707	threshold	US
S1-775131504	threshold	US
S1-940955348	threshold	US
S1-283339154	threshold	India
S1-148477426	threshold	US
S1-601251168	threshold	India
S1-449063168	threshold	India
S1-16642923	threshold	India
S1-613657230	threshold	US
S1-222279245	threshold	India
S1-635457718	threshold	US
S1-104631707	threshold	US
S1-707718747	threshold	India
S1-739014509	threshold	US
S1-630940582	threshold	US
S1-903530820	threshold	India
S1-498884283	threshold	US
S1-803035395	threshold	US
S1-837140168	threshold	US
S1-78865121	threshold	India
S1-678737653	threshold	US
S1-294393365	threshold	US
S1-620958098	threshold	India
S1-232025447	threshold	US
S1-826427058	threshold	US
S1-599876859	threshold	US
S1-176030721	threshold	US
S1-956227330	threshold	India
S1-595849762	threshold	US
S1-468387222	threshold	US
S1-258768576	threshold	India
S1-968159510	threshold	US
S1-417395434	threshold	US
S1-576839050	threshold	US
S1-269821442	threshold	India
S1-656685584	threshold	US
S1-210583184	threshold	India
S1-564737000	threshold	US
S1-678272623	threshold	India
S1-219125133	threshold	US
S1-477248424	threshold	US
S1-600670611	threshold	India
S1-377121439	threshold	US
S1-216578759	threshold	US
S1-169256970	threshold	US
S1-854127187	threshold	US
S1-576450923	threshold	US
S1-894710274	threshold	US
S1-325062639	threshold	US
S1-990139333	threshold	India
S1-825790322	threshold	India
S1-456367808	threshold	India
S1-128465941	threshold	US
S1-410606283	threshold	India
S1-13771898	threshold	India
S1-197874353	threshold	India
S1-585419882	threshold	India
S1-205804469	threshold	India
S1-854118842	threshold	US
S1-739559484	threshold	India
S1-278323032	threshold	US
S1-216706273	threshold	India
S1-609586271	threshold	India
S1-690550190	threshold	US
S1-636015011	threshold	US
S1-780268126	threshold	India
S1-42570563	threshold	US
S1-122098697	threshold	US
S1-722209222	threshold	US
S1-709328368	threshold	US
S1-278134323	threshold	India
S1-482640652	threshold	India
S1-321206536	threshold	India
S1-320573332	threshold	US
S1-209603783	threshold	India
S1-374173177	threshold	India
S1-122733534	threshold	US
S1-57889157	threshold	US
S1-278579891	threshold	US
S1-318392348	threshold	US
S1-86568868	threshold	India
S1-94606652	threshold	US
S1-49392765	threshold	India
S1-964089799	threshold	US
S1-771558450	threshold	India
S1-703803209	threshold	India
S1-599311134	threshold	US
S1-508272803	threshold	US
S1-68458645	threshold	US
S1-875526785	threshold	US
S1-925892514	threshold	US
S1-943654568	threshold	India
S1-368631505	threshold	India
S1-243256601	threshold	US
S1-966488792	threshold	US
S1-160874174	threshold	India
S1-647540090	threshold	US
S1-499781576	threshold	US
S1-907303799	threshold	US
S1-841231303	threshold	US
S1-305612525	threshold	US
S1-817094985	threshold	India
S1-232389487	threshold	US
S1-304970614	threshold	US
S1-538125989	threshold	US
S1-549836434	threshold	US
S1-28730888	threshold	US
S1-720805886	threshold	US
S1-158544858	threshold	US
S1-462834165	threshold	India
S1-860620625	threshold	US
S1-156204336	threshold	India
S1-663557111	threshold	US
S1-649876321	threshold	India
S1-439110883	threshold	India
S1-530042871	threshold	US
S1-447409442	threshold	India
S1-721755243	threshold	India
S1-527376624	threshold	India
S1-60284606	threshold	US
S1-25470787	threshold	India
S1-442043668	threshold	US
S1-783722509	threshold	US
S1-276061734	threshold	US
S1-667906650	threshold	US
S1-353515074	threshold	US
S1-307793331	threshold	US
S1-258109340	threshold	US
S1-311393106	threshold	US
S1-307943598	threshold	India
S1-658501152	threshold	US
S1-189737050	threshold	US
S1-999720899	threshold	US
S1-874703841	threshold	India
S1-385256126	threshold	US
S1-527651867	threshold	US
S1-83382143	threshold	US
S1-768271426	threshold	US
S1-802797522	threshold	US
S1-643241741	threshold	India
S1-924811149	threshold	India
S1-929627236	threshold	US
S1-308377215	threshold	US
S1-179225900	threshold	US
S1-743574607	threshold	US
S1-651585186	threshold	India
S1-197746056	threshold	US
S1-581606301	threshold	US
S1-263451589	threshold	US
S1-655153077	threshold	India
S1-52923310	threshold	India
S1-571351652	threshold	US
S1-829696310	threshold	US
S1-379033600	threshold	India
S1-504969411	threshold	India
S1-650747189	threshold	India
S1-227190507	threshold	US
S1-274065797	threshold	US
S1-990127600	threshold	US
S1-811433091	threshold	US
S1-775447984	threshold	India
S1-617584970	threshold	India
S1-707224320	threshold	India
S1-324078694	threshold	India
S1-181844327	threshold	US
S1-502200493	threshold	US
S1-954184249	threshold	US
S1-189081979	threshold	India
S1-641712382	threshold	US
S1-64345466	threshold	India
S1-908559061	threshold	India
S1-594634386	threshold	US
S1-324772037	threshold	US
S1-743627211	threshold	India
S1-43757800	threshold	India
S1-340136897	threshold	India
S1-145790476	threshold	US
S1-366659022	threshold	US
S1-862988718	threshold	US
S1-648204456	threshold	India
S1-691472299	threshold	US
S1-687572970	threshold	US
S1-402282555	threshold	India
S1-764364734	threshold	India
S1-635610745	threshold	US
S1-871660602	threshold	India
S1-632674022	threshold	US
S1-69002157	threshold	India
S1-403660051	threshold	India
S1-825085007	threshold	India
S1-173307453	threshold	US
S1-846755338	threshold	US
S1-292025392	threshold	US
S1-491489551	threshold	India
S1-301668935	threshold	US
S1-46046851	threshold	US
S1-529201417	threshold	India
S1-290582269	threshold	US
S1-578296034	threshold	India
S1-843940052	threshold	US
S1-86854031	threshold	US
S1-491497659	threshold	India
S1-810163865	threshold	India
S1-461983527	threshold	India
S1-551811690	threshold	India
S1-639955068	threshold	US
S1-513479685	threshold	US
S1-382463614	threshold	US
S1-440686859	threshold	US
S1-708388404	threshold	US
S1-722943830	threshold	India
S1-725577575	threshold	India
S1-535633210	threshold	US
S1-627879618	threshold	India
S1-512668537	threshold	India
S1-848058008	threshold	US
S1-92031580	threshold	India
S1-806224846	threshold	India
S1-829487565	threshold	US
S1-603889594	threshold	India
S1-600905752	threshold	US
S1-918770046	threshold	US
S1-353720518	threshold	US
S1-693138043	threshold	US
S1-152247831	threshold	US
S1-648523937	threshold	US
S1-640385127	threshold	India
S1-594505205	threshold	US
S1-41829008	threshold	US
S1-751116480	threshold	US
S1-919993352	threshold	US
S1-589765149	threshold	US
S1-666165620	threshold	US
S1-970600870	threshold	India
S1-833320254	threshold	US
S1-851182285	threshold	US
S1-479548273	threshold	US
S1-164232713	threshold	US
S1-669044235	threshold	US
S1-230080500	threshold	US
S1-433570322	threshold	India
S1-432661866	threshold	India
S1-100233765	threshold	US
S1-288274927	threshold	US
S1-355010759	threshold	India
S1-92480927	threshold	India
S1-920543708	threshold	US
S1-949896930	threshold	India
S1-596647265	threshold	US
S1-525018875	threshold	India
S1-502237508	threshold	India
S1-771473162	threshold	India
S1-748677361	threshold	India
S1-86174382	threshold	US
S1-513137738	threshold	US
S1-61546641	threshold	US
S1-794162001	threshold	US
S1-578361057	threshold	India
S1-129790045	threshold	US
S1-464951427	threshold	India
S1-621360033	threshold	US
S1-371879245	threshold	US
S1-492540586	threshold	India
S1-179410575	threshold	India
S1-920368455	threshold	India
S1-128690116	threshold	US
S1-488065574	threshold	US
S1-178999349	threshold	US
S1-173187208	threshold	India
S1-636504130	threshold	US
S1-926063269	threshold	US
S1-615065568	threshold	US
S1-686514746	threshold	US
S1-589064776	threshold	US
S1-461550337	threshold	India
S1-158989249	threshold	US
S1-559506813	threshold	India
S1-210305741	threshold	India
S1-95327773	threshold	US
S1-783538994	threshold	US
S1-552695655	threshold	India
S1-484833182	threshold	US
S1-526558363	threshold	US
S1-984633634	threshold	India
S1-601901509	threshold	US
S1-293393919	threshold	US
S1-122984684	threshold	US
S1-888371881	threshold	India
S1-438112872	threshold	US
S1-61464031	threshold	US
S1-319293320	threshold	US
S1-835604284	threshold	India
S1-63287841	threshold	India
S1-221073836	threshold	US
S1-614949440	threshold	US
S1-135290778	threshold	US
S1-545263523	threshold	US
S1-391367593	threshold	US
S1-871213601	threshold	US
S1-864106455	threshold	US
S1-713075291	threshold	India
S1-976194160	threshold	India
S1-300153861	threshold	US
S1-533185723	threshold	US
S1-342983247	threshold	India
S1-73222901	threshold	India
S1-954842656	threshold	US
S1-915744567	threshold	India
S1-375490444	threshold	US
S1-534025713	threshold	US
S1-221948227	threshold	India
S1-960157591	threshold	US
S1-235772421	threshold	India
S1-714896990	threshold	India
S1-233010249	threshold	US
S1-711909665	threshold	US
S1-658360875	threshold	US
S1-234604867	threshold	India
S1-93524098	threshold	US
S1-20240922	threshold	US
S1-602595320	threshold	India
S1-343486044	threshold	US
S1-672144657	threshold	India
S1-886325025	threshold	US
S1-916485896	threshold	US
S1-395917126	threshold	US
S1-715569169	threshold	India
S1-999718284	threshold	US
S1-341743435	threshold	India
S1-958933750	threshold	India
S1-507408046	threshold	India
S1-235372198	threshold	US
S1-210566189	threshold	India
S1-772490763	threshold	US
S1-617147253	threshold	US
S1-21143185	threshold	India
S1-611052599	threshold	US
S1-5085840	threshold	India
S1-36079031	threshold	India
S1-136602869	threshold	India
S1-214380732	threshold	India
S1-853942967	threshold	US
S1-940916773	threshold	US
S1-826488672	threshold	US
S1-552036306	threshold	India
S1-534063778	threshold	India
S1-440586620	threshold	US
S1-514199110	threshold	US
S1-975733180	threshold	US
S1-362263895	threshold	US
S1-686094132	threshold	India
S1-313425447	threshold	US
S1-645953066	threshold	India
S1-439512512	threshold	US
S1-682570578	threshold	US
S1-642894136	threshold	US
S1-125361113	threshold	US
S1-734940082	threshold	India
S1-946881077	threshold	US
S1-375266860	threshold	US
S1-986159934	threshold	US
S1-208079805	threshold	US
S1-162164012	threshold	US
S1-440280830	threshold	US
S1-516116042	threshold	India
S1-798333839	threshold	US
S1-441696219	threshold	US
S1-593326204	threshold	US
S1-756940025	threshold	US
S1-137811022	threshold	US
S1-750218362	threshold	India
S1-795132678	threshold	India
S1-324845383	threshold	US
S1-414490409	threshold	US
S1-483461900	threshold	India
S1-379713474	threshold	US
S1-648145694	threshold	India
S1-888571743	threshold	US
S1-957275795	threshold	India
S1-258441522	threshold	India
S1-743719614	threshold	India
S1-278847579	threshold	US
S1-720217828	threshold	US
S1-418184600	threshold	US
S1-768651715	threshold	US
S1-701583396	threshold	India
S1-608955416	threshold	India
S1-783181830	threshold	US
S1-890280073	threshold	US
S1-223267404	threshold	US
S1-939357825	threshold	US
S1-18761749	threshold	US
S1-567708738	threshold	US
S1-465320374	threshold	India
S1-334774542	threshold	US
S1-170446830	threshold	US
S1-694412545	threshold	India
S1-80587117	threshold	India
S1-612764998	threshold	India
S1-973283901	threshold	US
S1-211132406	threshold	US
S1-493359020	threshold	India
S1-351567633	threshold	India
S1-769059072	threshold	US
S1-255431408	threshold	US
S1-805575695	threshold	US
S1-609666596	threshold	India
S1-470378690	threshold	US
S1-784099378	threshold	US
S1-519926200	threshold	US
S1-520980601	threshold	US
S1-158765561	threshold	India
S1-923907443	threshold	India
S1-329153650	threshold	India
S1-191286580	threshold	India
S1-127138802	threshold	India
S1-198275620	threshold	US
S1-625206302	threshold	US
S1-708682519	threshold	India
S1-634979254	threshold	US
S1-46200827	threshold	India
S1-429144264	threshold	India
S1-322692990	threshold	US
S1-154046330	threshold	US
S1-519815383	threshold	India
S1-155274464	threshold	US
S1-676768220	threshold	India
S1-447828644	threshold	US
S1-544466146	threshold	US
S1-927933071	threshold	India
S1-199160139	threshold	US
S1-400606487	threshold	US
S1-725127779	threshold	US
S1-394544733	threshold	US
S1-39431400	threshold	US
S1-522909369	threshold	US
S1-511261426	threshold	US
S1-618160252	threshold	India
S1-736183617	threshold	US
S1-561383262	threshold	US
S1-974454948	threshold	US
S1-797382534	threshold	US
S1-927801016	threshold	US
S1-232358913	threshold	India
S1-339146789	threshold	US
S1-170534459	threshold	US
S1-135019633	threshold	India
S1-956933534	threshold	US
S1-449296879	threshold	India
S1-136227008	threshold	US
S1-76751388	threshold	India
S1-484950924	threshold	India
S1-582480612	threshold	US
S1-470238261	threshold	US
S1-767597780	threshold	India
S1-155617366	threshold	India
S1-293233407	threshold	India
S1-416672192	threshold	US
S1-657891093	threshold	US
S1-524833459	threshold	India
S1-984000891	threshold	India
S1-637645960	threshold	US
S1-829455496	threshold	US
S1-738148115	threshold	US
S1-574734396	threshold	India
S1-405649912	threshold	India
S1-539708391	threshold	US
S1-309862348	threshold	India
S1-691117913	threshold	India
S1-387469264	threshold	India
S1-462352987	threshold	US
S1-846777692	threshold	US
S1-129950741	threshold	India
S1-334309606	threshold	US
S1-324318631	threshold	US
S1-360735557	threshold	US
S1-476797912	threshold	India
S1-410954363	threshold	US
S1-980644935	threshold	US
S1-787609998	threshold	US
S1-35003868	threshold	US
S1-69658267	threshold	US
S1-598573570	threshold	US
S1-703787604	threshold	US
S1-12081569	threshold	India
S1-373864854	threshold	India
S1-406543620	threshold	US
S1-215547516	threshold	US
S1-593040356	threshold	US
S1-377909517	threshold	US
S1-551658761	threshold	US
S1-700501655	threshold	India
S1-324136218	threshold	India
S1-758101290	threshold	US
S1-246865937	threshold	US
S1-155733802	threshold	US
S1-16592987	threshold	US
S1-711638444	threshold	India
S1-313704586	threshold	India
S1-378917870	threshold	India
S1-878395021	threshold	India
S1-607773392	threshold	US
S1-637910047	threshold	India
S1-533502667	threshold	US
S1-990921053	threshold	US
S1-376778365	threshold	US
S1-273230623	threshold	US
S1-259299200	threshold	US
S1-116754454	threshold	US
S1-535023458	threshold	US
S1-740646008	threshold	India
S1-814623763	threshold	US
S1-363920130	threshold	US
S1-802639738	threshold	US
S1-313432701	threshold	US
S1-145323142	threshold	US
S1-656939844	threshold	US
S1-768245446	threshold	India
S1-160107415	threshold	India
S1-452760877	threshold	India
S1-665454292	threshold	US
S1-462295081	threshold	US
S1-720777208	threshold	US
S1-942989838	threshold	India
S1-123314221	threshold	US
S1-413479300	threshold	India
S1-707453626	threshold	India
S1-899160862	threshold	US
S1-850909643	threshold	US
S1-351650918	threshold	US
S1-403222709	threshold	India
S1-285917103	threshold	US
S1-672619718	threshold	India
S1-27774437	threshold	US
S1-278699217	threshold	India
S1-681006781	threshold	US
S1-634440477	threshold	US
S1-389987559	threshold	India
S1-886461910	threshold	US
S1-890702039	threshold	India
S1-6524044	threshold	India
S1-471008112	threshold	US
S1-149520294	threshold	US
S1-80626235	threshold	India
S1-334037410	threshold	US
S1-672656720	threshold	India
S1-394908830	threshold	India
S1-655113384	threshold	US
S1-886101798	threshold	US
S1-155138087	threshold	US
S1-917549477	threshold	India
S1-758242343	threshold	US
S1-93651879	threshold	US
S1-445199057	threshold	India
S1-925636547	threshold	India
S1-895816860	threshold	US
S1-949882097	threshold	US
S1-514502140	threshold	US
S1-502142169	threshold	US
S1-953881828	threshold	US
S1-828152296	threshold	US
S1-808625403	threshold	India
S1-571396862	threshold	India
S1-179153554	threshold	US
S1-457833337	threshold	India
S1-536869659	threshold	India
S1-139258178	threshold	India
S1-833566953	threshold	US
S1-174866628	threshold	India
S1-906924735	threshold	US
S1-174585329	threshold	India
S1-674631569	threshold	US
S1-596786271	threshold	US
S1-830580991	threshold	US
S1-670412047	threshold	US
S1-104768649	threshold	US
S1-5607632	threshold	India
S1-323580136	threshold	India
S1-877031369	threshold	India
S1-724459727	threshold	India
S1-312906072	threshold	India
S1-474242269	threshold	India
S1-17330454	threshold	US
S1-70333006	threshold	India
S1-422313808	threshold	India
S1-752679228	threshold	US
S1-807045474	threshold	US
S1-204389514	threshold	US
S1-135840557	threshold	US
S1-718213697	threshold	US
S1-570641759	threshold	US
S1-173266147	threshold	US
S1-662533196	threshold	India
S1-595113724	threshold	US
S1-789107547	threshold	US
S1-369854450	threshold	India
S1-693051095	threshold	India
S1-151293010	threshold	India
S1-564101373	threshold	India
S1-106078863	threshold	US
S1-746020253	threshold	India
S1-227046670	threshold	US
S1-869052632	threshold	US
S1-641597196	threshold	US
S1-973372756	threshold	US
S1-443035349	threshold	India
S1-833923489	threshold	US
S1-489074239	threshold	US
S1-826180115	threshold	India
S1-659921717	threshold	US
S1-579700280	threshold	India
S1-652954114	threshold	US
S1-655303558	threshold	US
S1-194958299	threshold	India
S1-677031419	threshold	India
S1-475770159	threshold	India
S1-944684905	threshold	India
S1-50968049	threshold	US
S1-343745785	threshold	US
S1-391197583	threshold	India
S1-980764701	threshold	India
S1-13092957	threshold	US
S1-96708205	threshold	India
S1-15813859	threshold	US
S1-553255333	threshold	India
S1-357255048	threshold	India
S1-888568531	threshold	India
S1-57281874	threshold	US
S1-57322810	threshold	India
S1-324006594	threshold	US
S1-883824025	threshold	India
S1-3059666	threshold	US
S1-480722763	threshold	US
S1-908422902	threshold	India
S1-313349899	threshold	US
S1-640587732	threshold	US
S1-396373334	threshold	India
S1-715226416	threshold	US
S1-852998661	threshold	India
S1-639103419	threshold	US
S1-446147850	threshold	US
S1-138720470	threshold	India
S1-663350196	threshold	US
S1-315242322	threshold	US
S1-808531145	threshold	India
S1-61633866	threshold	US
S1-51456813	threshold	US
S1-209868713	threshold	US
S1-644131179	threshold	India
S1-369700044	threshold	US
S1-518485227	threshold	India
S1-663354472	threshold	US
S1-387760464	threshold	India
S1-650956810	threshold	India
S1-39010855	threshold	India
S1-438562151	threshold	India
S1-769708823	threshold	US
S1-737566984	threshold	US
S1-464905712	threshold	India
S1-661340205	threshold	US
S1-633759798	threshold	US
S1-403603792	threshold	US
S1-793405616	threshold	India
S1-209880745	threshold	US
S1-960728974	threshold	India
S1-170412505	threshold	India
S1-428098138	threshold	India
S1-10597095	threshold	US
S1-971687744	threshold	US
S1-71355461	threshold	US
S1-395407593	threshold	India
S1-229581628	threshold	US
S1-647228300	threshold	India
S1-457878679	threshold	US
S1-780498580	threshold	India
S1-218908955	threshold	US
S1-318018542	threshold	US
S1-46980048	threshold	US
S1-578821184	threshold	India
S1-800336894	threshold	India
S1-642632698	threshold	US
S1-870298638	threshold	India
S1-234151313	threshold	US
S1-976641060	threshold	US
S1-214918972	threshold	US
S1-248590415	threshold	US
S1-910550060	threshold	US
S1-982431660	threshold	US
S1-866450547	threshold	India
S1-945524075	threshold	US
S1-751519238	threshold	US
S1-905197539	threshold	US
S1-955830124	threshold	US
S1-859973031	threshold	US
S1-34337124	threshold	US
S1-4119929	threshold	US
S1-942215001	threshold	India
S1-904958596	threshold	India
S1-940484530	threshold	India
S1-168542997	threshold	India
S1-904098631	threshold	US
S1-354514123	threshold	India
S1-34202843	threshold	US
S1-738275149	threshold	India
S1-909934664	threshold	US
S1-714260082	threshold	US
S1-820613883	threshold	US
S1-883344083	threshold	US
S1-973000300	threshold	India
S1-456826685	threshold	US
S1-842622282	threshold	India
S1-931394473	threshold	US
S1-292320604	threshold	India
S1-410874269	threshold	US
S1-811319897	threshold	US
S1-103120265	threshold	India
S1-372447229	threshold	India
S1-916503156	threshold	US
S1-850284997	threshold	India
S1-189664574	threshold	India
S1-685550862	threshold	US
S1-601205561	threshold	India
S1-548709350	threshold	India
S1-361481324	threshold	US
S1-415207546	threshold	US
S1-997513805	threshold	US
S1-272444623	threshold	India
S1-147543000	threshold	US
S1-653426874	threshold	India
S1-827415076	threshold	US
S1-816865563	threshold	US
S1-921134815	threshold	US
S1-684211973	threshold	India
S1-545808398	threshold	US
S1-192457182	threshold	US
S1-866728795	threshold	US
S1-217818221	threshold	US
S1-822927066	threshold	India
S1-185960211	threshold	India
S1-981918002	threshold	India
S1-153208654	threshold	US
S1-357195378	threshold	US
S1-335007462	threshold	India
S1-426047529	threshold	US
S1-783863306	threshold	US
S1-447214186	threshold	India
S1-311936719	threshold	US
S1-431394523	threshold	India
S1-217300366	threshold	US
S1-672405161	threshold	India
S1-292741135	threshold	India
S1-764826606	threshold	US
S1-360824041	threshold	US
S1-777694756	threshold	India
S1-584380130	threshold	US
S1-223797630	threshold	US
S1-320684089	threshold	US
S1-225757609	threshold	US
S1-760597924	threshold	US
S1-787356275	threshold	US
S1-575923620	threshold	US
S1-823739111	threshold	US
S1-494419887	threshold	India
S1-913755758	threshold	US
S1-438808495	threshold	US
S1-509294173	threshold	India
S1-636980430	threshold	US
S1-456571393	threshold	US
S1-998279634	threshold	US
S1-619031106	threshold	US
S1-861040500	threshold	US
S1-706378916	threshold	US
S1-285004928	threshold	India
S1-856225501	threshold	US
S1-341292639	threshold	US
S1-708381350	threshold	US
S1-517777689	threshold	US
S1-25546143	threshold	US
S1-920958127	threshold	US
S1-42220602	threshold	US
S1-317177578	threshold	US
S1-252079777	threshold	India
S1-74131543	threshold	US
S1-960474216	threshold	US
S1-310633705	threshold	US
S1-918052349	threshold	US
S1-984949895	threshold	India
S1-39875802	threshold	US
S1-103093314	threshold	India
S1-489659362	threshold	India
S1-643839389	threshold	US
S1-74932992	threshold	India
S1-830808845	threshold	US
S1-302808411	threshold	India
S1-264755239	threshold	India
S1-850493745	threshold	India
S1-945700102	threshold	India
S1-57547913	threshold	US
S1-730203002	threshold	US
S1-902860209	threshold	US
S1-744954854	threshold	India
S1-379701877	threshold	US
S1-548558676	threshold	India
S1-707620808	threshold	US
S1-128219685	threshold	US
S1-422652030	threshold	US
S1-82498590	threshold	US
S1-804494066	threshold	US
S1-792989810	threshold	US
S1-602848428	threshold	US
S1-763556308	threshold	US
S1-950763374	threshold	US
S1-226056952	threshold	India
S1-510055860	threshold	India
S1-13197842	threshold	US
S1-360793942	threshold	US
S1-883197226	threshold	India
S1-662953640	threshold	US
S1-90479048	threshold	India
S1-308686319	threshold	India
S1-972981769	threshold	India
S1-439984091	threshold	US
S1-351070633	threshold	US
S1-722562830	threshold	India
S1-757863478	threshold	US
S1-207780399	threshold	US
S1-671474875	threshold	India
S1-734816593	threshold	US
S1-198279359	threshold	India
S1-204426133	threshold	US
S1-397645405	threshold	India
S1-563466879	threshold	US
S1-536479278	threshold	US
S1-492639121	threshold	US
S1-614561292	threshold	India
S1-8339857	threshold	US
S1-276569733	threshold	US
S1-192603609	threshold	US
S1-588836501	threshold	US
S1-785376764	threshold	US
S1-746931749	threshold	US
S1-33949847	threshold	India
S1-117686396	threshold	India
S1-661685085	threshold	US
S1-829265555	threshold	US
S1-663699961	threshold	India
S1-412617309	threshold	India
S1-817580672	threshold	India
S1-507684874	threshold	US
S1-356386866	threshold	India
S1-522954343	threshold	US
S1-616222445	threshold	US
S1-670583239	threshold	US
S1-743637319	threshold	India
S1-210872706	threshold	India
S1-3040952	threshold	US
