source1_entity_id	member_d_partition
S1-560180536	fusion_fit
S1-721422275	selection
S1-172380123	selection
S1-227498568	fusion_fit
S1-98888290	fusion_fit
S1-869771621	selection
S1-520641128	selection
S1-500033967	calibration
S1-553915799	fusion_fit
S1-290323736	fusion_fit
S1-429976530	fusion_fit
S1-250327534	calibration
S1-81217925	fusion_fit
S1-229598913	calibration
S1-434193585	calibration
S1-720161630	calibration
S1-147985673	fusion_fit
S1-965238403	fusion_fit
S1-197382018	fusion_fit
S1-953845786	calibration
S1-210529619	fusion_fit
S1-904549543	calibration
S1-247119078	fusion_fit
S1-197810142	fusion_fit
S1-205239891	fusion_fit
S1-223185294	selection
S1-900881143	selection
S1-279089650	calibration
S1-16295644	fusion_fit
S1-156596895	selection
S1-156880711	selection
S1-626131463	selection
S1-655144131	selection
S1-617010768	calibration
S1-533873679	calibration
S1-307395545	fusion_fit
S1-435412435	fusion_fit
S1-931690772	fusion_fit
S1-937157116	calibration
S1-259205947	fusion_fit
S1-386235735	calibration
S1-407644068	selection
S1-998066105	selection
S1-64943160	calibration
S1-706309121	fusion_fit
S1-47690316	calibration
S1-215028229	fusion_fit
S1-604633381	selection
S1-341272100	fusion_fit
S1-218614790	fusion_fit
S1-877092785	calibration
S1-822759260	selection
S1-491839212	selection
S1-979045502	fusion_fit
S1-714988414	selection
S1-560937535	fusion_fit
S1-920368922	selection
S1-21791313	fusion_fit
S1-171066113	fusion_fit
S1-267944230	selection
S1-199400131	fusion_fit
S1-867685942	fusion_fit
S1-381864439	selection
S1-106052791	fusion_fit
S1-218979830	selection
S1-322576618	selection
S1-684021813	calibration
S1-191789424	selection
S1-294404758	calibration
S1-425551032	selection
S1-573221569	fusion_fit
S1-902484379	fusion_fit
S1-341306283	calibration
S1-479839027	fusion_fit
S1-499246798	fusion_fit
S1-312053419	selection
S1-832838143	fusion_fit
S1-18370389	selection
S1-670579374	calibration
S1-4331980	selection
S1-996271246	calibration
S1-660543777	selection
S1-482715610	selection
S1-51828835	calibration
S1-375002992	fusion_fit
S1-208418760	fusion_fit
S1-803667513	fusion_fit
S1-154069526	calibration
S1-30132677	selection
S1-76005804	fusion_fit
S1-819102669	calibration
S1-27585812	fusion_fit
S1-585823207	calibration
S1-866546001	calibration
S1-765957674	fusion_fit
S1-600890317	fusion_fit
S1-361940166	fusion_fit
S1-212583373	fusion_fit
S1-121442724	fusion_fit
S1-616481784	fusion_fit
S1-496177864	calibration
S1-683374180	fusion_fit
S1-64841860	calibration
S1-403179097	fusion_fit
S1-223965310	calibration
S1-305926402	calibration
S1-30767495	fusion_fit
S1-827698439	calibration
S1-724195140	selection
S1-663114183	selection
S1-977108339	fusion_fit
S1-370970760	fusion_fit
S1-534046796	fusion_fit
S1-983587962	calibration
S1-679825203	fusion_fit
S1-232840766	calibration
S1-712366248	fusion_fit
S1-949019065	fusion_fit
S1-136917384	fusion_fit
S1-662773896	selection
S1-954981810	fusion_fit
S1-510802172	selection
S1-497300722	selection
S1-848760807	calibration
S1-248593579	fusion_fit
S1-575214339	fusion_fit
S1-8000604	selection
S1-942427038	calibration
S1-951220709	fusion_fit
S1-120863440	calibration
S1-516115816	fusion_fit
S1-594197811	calibration
S1-958988789	fusion_fit
S1-228717166	fusion_fit
S1-29297582	calibration
S1-315818080	calibration
S1-221631533	selection
S1-642827193	fusion_fit
S1-907946560	fusion_fit
S1-951843987	fusion_fit
S1-684511294	selection
S1-291723422	fusion_fit
S1-544958138	fusion_fit
S1-422959800	fusion_fit
S1-832611338	fusion_fit
S1-133041809	fusion_fit
S1-69280560	selection
S1-419331180	selection
S1-175160604	calibration
S1-739716412	selection
S1-893355770	selection
S1-24316143	fusion_fit
S1-608274685	calibration
S1-684995953	calibration
S1-293759857	selection
S1-843363364	fusion_fit
S1-588076295	selection
S1-702408586	fusion_fit
S1-267843775	fusion_fit
S1-867147031	calibration
S1-255511888	selection
S1-559182554	selection
S1-837803338	selection
S1-34079885	fusion_fit
S1-222947879	calibration
S1-761685884	selection
S1-94579205	fusion_fit
S1-930744418	selection
S1-858154430	fusion_fit
S1-295161793	selection
S1-629206216	fusion_fit
S1-464656167	fusion_fit
S1-157665666	selection
S1-934320285	fusion_fit
S1-87686509	fusion_fit
S1-584700621	fusion_fit
S1-221819926	selection
S1-454764022	selection
S1-536486144	fusion_fit
S1-375451058	calibration
S1-122471612	selection
S1-958759798	calibration
S1-127498164	fusion_fit
S1-606410850	fusion_fit
S1-605686703	fusion_fit
S1-510716043	selection
S1-123075429	calibration
S1-558399815	selection
S1-811764777	selection
S1-172940189	fusion_fit
S1-725275594	selection
S1-506763830	selection
S1-401793882	selection
S1-998140135	fusion_fit
S1-282948362	selection
S1-192890806	selection
S1-987633290	selection
S1-853378428	calibration
S1-889838698	selection
S1-461483851	selection
S1-812195617	fusion_fit
S1-635568304	fusion_fit
S1-343168529	fusion_fit
S1-522622411	calibration
S1-195884751	selection
S1-350539444	selection
S1-781967877	calibration
S1-820507016	selection
S1-742892220	fusion_fit
S1-800388193	fusion_fit
S1-212560219	calibration
S1-677120772	fusion_fit
S1-539394998	fusion_fit
S1-586294209	calibration
S1-399821556	fusion_fit
S1-833542251	fusion_fit
S1-910768227	fusion_fit
S1-278567304	fusion_fit
S1-450518677	calibration
S1-68515273	selection
S1-787644253	fusion_fit
S1-193473243	selection
S1-892263555	calibration
S1-833821864	fusion_fit
S1-854046230	calibration
S1-472605357	selection
S1-751733535	selection
S1-77178188	calibration
S1-839557914	calibration
S1-880054868	fusion_fit
S1-807596775	calibration
S1-989346564	calibration
S1-187189701	fusion_fit
S1-271953552	calibration
S1-924145247	fusion_fit
S1-213839216	fusion_fit
S1-573442056	fusion_fit
S1-494037123	fusion_fit
S1-12393127	fusion_fit
S1-369575465	calibration
S1-368230516	fusion_fit
S1-850766478	fusion_fit
S1-429730418	calibration
S1-387241816	fusion_fit
S1-119038449	fusion_fit
S1-655589543	selection
S1-755074948	calibration
S1-421658748	calibration
S1-643032590	fusion_fit
S1-596809902	selection
S1-6385904	selection
S1-728115064	calibration
S1-120333936	calibration
S1-372829057	fusion_fit
S1-330287395	fusion_fit
S1-406464675	fusion_fit
S1-57662953	fusion_fit
S1-563511713	fusion_fit
S1-681553291	calibration
S1-901358960	fusion_fit
S1-495846484	fusion_fit
S1-985516131	fusion_fit
S1-580163563	selection
S1-708069977	calibration
S1-374778413	calibration
S1-36100460	selection
S1-721201782	fusion_fit
S1-54154971	fusion_fit
S1-849763132	fusion_fit
S1-554085429	calibration
S1-642123640	fusion_fit
S1-204020670	fusion_fit
S1-856060736	fusion_fit
S1-982353611	selection
S1-71991854	fusion_fit
S1-448919251	fusion_fit
S1-768643264	calibration
S1-898390105	selection
S1-772122667	calibration
S1-457628272	calibration
S1-49759846	selection
S1-339768243	calibration
S1-837702349	fusion_fit
S1-38559346	fusion_fit
S1-3237699	fusion_fit
S1-144611000	fusion_fit
S1-994878786	calibration
S1-736479231	fusion_fit
S1-903539459	calibration
S1-323797253	selection
S1-533601547	calibration
S1-483975411	fusion_fit
S1-192405618	selection
S1-939189373	calibration
S1-831738486	calibration
S1-351397229	calibration
S1-109924024	fusion_fit
S1-414664517	selection
S1-477298746	calibration
S1-305790087	fusion_fit
S1-239364432	calibration
S1-67684872	selection
S1-134567213	calibration
S1-446074459	selection
S1-574028723	selection
S1-361410516	fusion_fit
S1-121632722	fusion_fit
S1-926632699	fusion_fit
S1-40650275	fusion_fit
S1-672288239	calibration
S1-195693756	calibration
S1-545777935	selection
S1-641859436	selection
S1-835072022	selection
S1-602613436	selection
S1-317387563	selection
S1-96902456	calibration
S1-351712600	selection
S1-137699559	fusion_fit
S1-882742789	selection
S1-22748200	fusion_fit
S1-745442482	selection
S1-836653608	fusion_fit
S1-428657388	fusion_fit
S1-134618337	selection
S1-606470471	fusion_fit
S1-848624200	selection
S1-5451474	selection
S1-601900632	calibration
S1-872613808	selection
S1-261476596	calibration
S1-55662543	fusion_fit
S1-143282080	fusion_fit
S1-416665296	fusion_fit
S1-62044707	fusion_fit
S1-229874778	calibration
S1-391271072	fusion_fit
S1-726873305	fusion_fit
S1-978795894	fusion_fit
S1-771301491	fusion_fit
S1-220646397	selection
S1-269632746	calibration
S1-285739315	selection
S1-799766613	selection
S1-301414243	selection
S1-423760010	fusion_fit
S1-353461054	selection
S1-37503709	selection
S1-93137549	calibration
S1-133661212	selection
S1-59360305	selection
S1-236010533	calibration
S1-172879098	selection
S1-277465603	selection
S1-265154819	calibration
S1-924383570	fusion_fit
S1-996730661	fusion_fit
S1-459291889	fusion_fit
S1-462959378	fusion_fit
S1-147827892	selection
S1-608108392	fusion_fit
S1-787831649	selection
S1-38444628	selection
S1-97762307	selection
S1-312389988	calibration
S1-511345748	selection
S1-844598713	fusion_fit
S1-461438203	selection
S1-760156185	selection
S1-704630376	fusion_fit
S1-766823573	selection
S1-985811643	fusion_fit
S1-99789171	fusion_fit
S1-522588763	calibration
S1-45332793	fusion_fit
S1-254742792	fusion_fit
S1-687695689	calibration
S1-833415264	selection
S1-374061569	selection
S1-953586361	selection
S1-510251603	fusion_fit
S1-500168099	fusion_fit
S1-982380395	selection
S1-298438839	calibration
S1-440182890	selection
S1-338402760	selection
S1-402525644	fusion_fit
S1-799653542	fusion_fit
S1-445709924	fusion_fit
S1-136613239	selection
S1-603358317	calibration
S1-158366473	calibration
S1-155815963	fusion_fit
S1-751457536	calibration
S1-880712624	selection
S1-697972215	selection
S1-779281781	fusion_fit
S1-545431660	selection
S1-647791346	selection
S1-758715138	fusion_fit
S1-854308441	selection
S1-730165252	fusion_fit
S1-593952140	fusion_fit
S1-753035897	calibration
S1-383409372	calibration
S1-240176175	selection
S1-941126256	calibration
S1-707409892	fusion_fit
S1-427706896	calibration
S1-16213030	selection
S1-790875518	calibration
S1-15749497	calibration
S1-781453824	calibration
S1-570808271	fusion_fit
S1-300423605	selection
S1-888435485	fusion_fit
S1-150016273	fusion_fit
S1-784954438	fusion_fit
S1-232293313	fusion_fit
S1-817128034	selection
S1-46563464	selection
S1-293527283	selection
S1-473625804	fusion_fit
S1-931398401	fusion_fit
S1-580303887	fusion_fit
S1-301281894	selection
S1-524923235	fusion_fit
S1-971489051	selection
S1-858779233	selection
S1-541686110	calibration
S1-4366347	fusion_fit
S1-460983231	fusion_fit
S1-186353865	fusion_fit
S1-94749756	fusion_fit
S1-406008625	calibration
S1-584223883	selection
S1-258346426	fusion_fit
S1-417451480	fusion_fit
S1-457654868	selection
S1-102742732	calibration
S1-801594737	selection
S1-618913839	fusion_fit
S1-446911279	selection
S1-464174961	selection
S1-579858382	calibration
S1-586733056	selection
S1-100068368	selection
S1-717790210	fusion_fit
S1-458642998	calibration
S1-310646627	calibration
S1-702004041	fusion_fit
S1-365132326	selection
S1-656399201	fusion_fit
S1-899588924	fusion_fit
S1-692969184	selection
S1-57590840	fusion_fit
S1-615265106	selection
S1-540591642	fusion_fit
S1-46772329	calibration
S1-479541310	calibration
S1-656215630	selection
S1-902951578	fusion_fit
S1-468884617	fusion_fit
S1-30661998	selection
S1-127343543	fusion_fit
S1-214826536	calibration
S1-314829187	calibration
S1-994355470	selection
S1-487320345	fusion_fit
S1-880057527	calibration
S1-836540645	fusion_fit
S1-940391095	fusion_fit
S1-613892069	fusion_fit
S1-286633488	selection
S1-480479216	fusion_fit
S1-507702440	fusion_fit
S1-638904994	fusion_fit
S1-460093971	fusion_fit
S1-126216375	calibration
S1-299172751	fusion_fit
S1-954954629	selection
S1-705509442	selection
S1-368678086	fusion_fit
S1-959439327	fusion_fit
S1-771481073	selection
S1-191379841	calibration
S1-600820003	selection
S1-816510195	fusion_fit
S1-311061629	selection
S1-905114598	selection
S1-824773681	fusion_fit
S1-267393179	calibration
S1-669881664	selection
S1-185100376	calibration
S1-2792897	selection
S1-461861778	selection
S1-57627464	fusion_fit
S1-543037092	calibration
S1-226929937	fusion_fit
S1-772573378	selection
S1-612435005	fusion_fit
S1-900999778	selection
S1-100142077	calibration
S1-417669565	fusion_fit
S1-215684944	fusion_fit
S1-839882604	calibration
S1-675708769	selection
S1-551540639	fusion_fit
S1-503982247	selection
S1-383058720	calibration
S1-20919531	calibration
S1-332150508	selection
S1-204749325	fusion_fit
S1-135259393	calibration
S1-578687215	fusion_fit
S1-346688402	calibration
S1-275665133	calibration
S1-496363375	fusion_fit
S1-366287899	fusion_fit
S1-132718779	calibration
S1-358549261	calibration
S1-183073067	fusion_fit
S1-765469886	calibration
S1-961599798	fusion_fit
S1-679063081	selection
S1-331497206	fusion_fit
S1-447896253	selection
S1-43335476	fusion_fit
S1-220786858	fusion_fit
S1-128793131	calibration
S1-128019678	calibration
S1-452007306	fusion_fit
S1-997159872	fusion_fit
S1-979489176	selection
S1-964807542	fusion_fit
S1-195345180	selection
S1-769966866	fusion_fit
S1-285405590	fusion_fit
S1-140644118	fusion_fit
S1-432870793	fusion_fit
S1-710572770	fusion_fit
S1-332693118	fusion_fit
S1-96655068	fusion_fit
S1-679151239	selection
S1-345383085	calibration
S1-297108377	calibration
S1-51788771	selection
S1-800879064	calibration
S1-862166292	selection
S1-448738812	fusion_fit
S1-869351241	selection
S1-655687338	fusion_fit
S1-22064195	fusion_fit
S1-495465342	selection
S1-945876204	selection
S1-669763428	calibration
S1-530019575	calibration
S1-485885855	fusion_fit
S1-505990589	selection
S1-377610144	calibration
S1-894924083	calibration
S1-695154491	selection
S1-490979874	calibration
S1-266604532	selection
S1-617955364	fusion_fit
S1-993622969	selection
S1-502575979	fusion_fit
S1-570706592	selection
S1-57531878	fusion_fit
S1-408806916	selection
S1-922033252	fusion_fit
S1-124596157	fusion_fit
S1-860032176	selection
S1-466296213	fusion_fit
S1-723132646	fusion_fit
S1-984300820	calibration
S1-105860186	fusion_fit
S1-839731521	calibration
S1-227742912	selection
S1-518084106	selection
S1-455336970	calibration
S1-933163318	fusion_fit
S1-187811395	calibration
S1-25422411	fusion_fit
S1-588400788	fusion_fit
S1-88989595	calibration
S1-705005118	calibration
S1-379775857	fusion_fit
S1-406991564	calibration
S1-4467341	selection
S1-267614779	selection
S1-956641036	selection
S1-500325809	selection
S1-444549398	selection
S1-45029659	selection
S1-634603941	calibration
S1-298831734	selection
S1-65470250	fusion_fit
S1-42175556	calibration
S1-526150028	fusion_fit
S1-142830599	selection
S1-62526161	fusion_fit
S1-763756044	calibration
S1-951438507	selection
S1-895019616	calibration
S1-962814201	selection
S1-330375078	fusion_fit
S1-80809024	selection
S1-457004264	calibration
S1-909588123	calibration
S1-10479269	fusion_fit
S1-433760347	calibration
S1-437384887	calibration
S1-557872233	calibration
S1-214413179	fusion_fit
S1-84433118	fusion_fit
S1-984427085	calibration
S1-490795040	fusion_fit
S1-359497006	fusion_fit
S1-905611684	calibration
S1-42615630	fusion_fit
S1-887685755	calibration
S1-964750339	calibration
S1-231189488	selection
S1-871559049	fusion_fit
S1-98412154	calibration
S1-684925689	fusion_fit
S1-893839353	selection
S1-62841670	fusion_fit
S1-985971352	selection
S1-540956061	selection
S1-930689633	selection
S1-431054895	fusion_fit
S1-300714754	selection
S1-983838459	selection
S1-624773253	fusion_fit
S1-368381259	fusion_fit
S1-534835069	selection
S1-520233702	calibration
S1-671027736	selection
S1-703346179	calibration
S1-539620766	fusion_fit
S1-975440942	fusion_fit
S1-239801680	selection
S1-151131575	calibration
S1-372650128	selection
S1-564218969	fusion_fit
S1-781880682	fusion_fit
S1-414388287	calibration
S1-555376753	calibration
S1-920798542	fusion_fit
S1-387914884	selection
S1-100756339	fusion_fit
S1-742700793	calibration
S1-648445392	selection
S1-68112423	selection
S1-646460447	fusion_fit
S1-361775943	selection
S1-602706958	calibration
S1-950872765	calibration
S1-743518127	selection
S1-623322196	selection
S1-631478130	fusion_fit
S1-425654715	selection
S1-463234314	calibration
S1-912835244	fusion_fit
S1-635932001	calibration
S1-186503434	selection
S1-811756311	calibration
S1-302095231	calibration
S1-597648670	calibration
S1-398541478	fusion_fit
S1-948740531	calibration
S1-140087272	selection
S1-178888899	selection
S1-90422284	calibration
S1-943036955	fusion_fit
S1-257481581	selection
S1-259625696	calibration
S1-141373120	selection
S1-673611344	fusion_fit
S1-242918781	fusion_fit
S1-667376840	fusion_fit
S1-947567401	selection
S1-861151382	calibration
S1-262745554	calibration
S1-309031086	calibration
S1-21125000	fusion_fit
S1-291347775	fusion_fit
S1-570383107	fusion_fit
S1-658397932	selection
S1-537635463	fusion_fit
S1-495759983	calibration
S1-168012203	fusion_fit
S1-110341170	fusion_fit
S1-546997929	fusion_fit
S1-18648072	fusion_fit
S1-405803467	fusion_fit
S1-474835364	fusion_fit
S1-629921273	fusion_fit
S1-178880944	calibration
S1-969966892	selection
S1-940308460	calibration
S1-863610245	fusion_fit
S1-812422584	calibration
S1-236129651	calibration
S1-336205046	calibration
S1-697534467	fusion_fit
S1-170453464	fusion_fit
S1-401707829	selection
S1-103419719	calibration
S1-804511504	selection
S1-219694134	selection
S1-60154162	fusion_fit
S1-737814044	fusion_fit
S1-977428407	selection
S1-831708705	selection
S1-463724829	fusion_fit
S1-536758080	calibration
S1-310512980	calibration
S1-145638180	selection
S1-969463398	calibration
S1-412976435	calibration
S1-17726879	fusion_fit
S1-256501632	fusion_fit
S1-892658987	selection
S1-218923458	fusion_fit
S1-840290995	fusion_fit
S1-676734653	selection
S1-403141494	selection
S1-951520175	selection
S1-627427723	calibration
S1-12765855	fusion_fit
S1-22683316	calibration
S1-625955320	selection
S1-212148743	calibration
S1-742528574	fusion_fit
S1-919740289	calibration
S1-3142820	calibration
S1-214202522	fusion_fit
S1-386197582	fusion_fit
S1-997906951	calibration
S1-307635712	selection
S1-945957063	calibration
S1-658309116	fusion_fit
S1-544352535	calibration
S1-555463398	selection
S1-659922238	selection
S1-44461115	fusion_fit
S1-499665485	calibration
S1-524387938	fusion_fit
S1-522321562	calibration
S1-530020797	fusion_fit
S1-811353697	fusion_fit
S1-648310503	calibration
S1-857533499	fusion_fit
S1-887040268	fusion_fit
S1-902221915	fusion_fit
S1-147423970	calibration
S1-937207448	selection
S1-853226248	fusion_fit
S1-573414930	fusion_fit
S1-388559340	selection
S1-273888314	fusion_fit
S1-717640786	selection
S1-605636251	fusion_fit
S1-685099735	fusion_fit
S1-681697206	fusion_fit
S1-57149894	calibration
S1-689534140	fusion_fit
S1-619880308	fusion_fit
S1-443991257	fusion_fit
S1-906838495	fusion_fit
S1-372468661	selection
S1-959183945	fusion_fit
S1-557113195	fusion_fit
S1-389096730	selection
S1-857283849	calibration
S1-207718019	fusion_fit
S1-571122151	calibration
S1-39539370	fusion_fit
S1-887593838	fusion_fit
S1-16259744	calibration
S1-512523333	fusion_fit
S1-309263085	calibration
S1-216596562	selection
S1-644207901	selection
S1-510548727	calibration
S1-727601199	fusion_fit
S1-440638569	selection
S1-95526056	selection
S1-13734514	selection
S1-870727542	fusion_fit
S1-75979108	calibration
S1-78365562	fusion_fit
S1-144364440	calibration
S1-60581521	calibration
S1-130625562	fusion_fit
S1-438791793	selection
S1-318603913	fusion_fit
S1-533875137	fusion_fit
S1-64509295	calibration
S1-400954497	selection
S1-585732147	fusion_fit
S1-647571226	selection
S1-774944847	fusion_fit
S1-508723614	calibration
S1-612479463	calibration
S1-420400976	calibration
S1-420413444	calibration
S1-298702853	selection
S1-642728804	fusion_fit
S1-812466700	fusion_fit
S1-639289498	selection
S1-497389149	fusion_fit
S1-773513048	selection
S1-200036227	calibration
S1-356050630	fusion_fit
S1-473066766	fusion_fit
S1-806426420	fusion_fit
S1-990113497	selection
S1-904321278	fusion_fit
S1-331360922	calibration
S1-651865305	fusion_fit
S1-543717518	calibration
S1-324060799	fusion_fit
S1-509149839	calibration
S1-455621292	calibration
S1-830940325	selection
S1-317992362	selection
S1-403372320	calibration
S1-932134600	fusion_fit
S1-863011265	fusion_fit
S1-710313889	selection
S1-26564701	fusion_fit
S1-525085545	fusion_fit
S1-929046961	selection
S1-638364215	fusion_fit
S1-767994640	selection
S1-958557994	fusion_fit
S1-818953028	fusion_fit
S1-298289389	calibration
S1-206961497	fusion_fit
S1-241215996	fusion_fit
S1-858933165	fusion_fit
S1-502895583	fusion_fit
S1-299217709	calibration
S1-828435382	calibration
S1-90423819	fusion_fit
S1-972810032	calibration
S1-177717463	fusion_fit
S1-283532908	selection
S1-753666163	calibration
S1-935623466	selection
S1-303520687	selection
S1-199661760	calibration
S1-374195679	selection
S1-239366082	calibration
S1-921672819	calibration
S1-384744161	calibration
S1-222477724	calibration
S1-764630736	selection
S1-382733615	calibration
S1-58017110	selection
S1-514127984	selection
S1-48228062	fusion_fit
S1-804502424	selection
S1-460358643	selection
S1-942889479	fusion_fit
S1-415387652	fusion_fit
S1-775918192	selection
S1-873312194	fusion_fit
S1-424656299	calibration
S1-259372152	fusion_fit
S1-604960608	fusion_fit
S1-168029327	selection
S1-6084377	fusion_fit
S1-554735184	selection
S1-645433960	selection
S1-1255806	selection
S1-355879588	calibration
S1-262578840	selection
S1-368524424	selection
S1-361635725	selection
S1-741141712	calibration
S1-90800427	calibration
S1-205128396	fusion_fit
S1-661189535	selection
S1-479294586	calibration
S1-864114022	fusion_fit
S1-790401062	selection
S1-976072321	selection
S1-526458565	calibration
S1-88574353	fusion_fit
S1-703337102	fusion_fit
S1-301075321	fusion_fit
S1-582279058	selection
S1-772114001	calibration
S1-350682814	calibration
S1-556372777	selection
S1-583418051	fusion_fit
S1-693360659	fusion_fit
S1-458152019	fusion_fit
S1-587795669	fusion_fit
S1-993788834	calibration
S1-931628047	selection
S1-729922026	fusion_fit
S1-275933726	calibration
S1-47614726	fusion_fit
S1-118081533	calibration
S1-632083755	calibration
S1-432985237	calibration
S1-845896087	calibration
S1-358471907	calibration
S1-446498581	calibration
S1-741739873	selection
S1-993229015	fusion_fit
S1-780124368	selection
S1-25172401	fusion_fit
S1-359797694	fusion_fit
S1-457168014	fusion_fit
S1-187881584	selection
S1-727623863	fusion_fit
S1-923854106	fusion_fit
S1-320083541	fusion_fit
S1-683692516	selection
S1-789932635	selection
S1-76006703	fusion_fit
S1-743732008	selection
S1-401568774	fusion_fit
S1-173888632	fusion_fit
S1-513280530	selection
S1-537102805	selection
S1-924765264	calibration
S1-122811452	fusion_fit
S1-446504712	selection
S1-663034853	fusion_fit
S1-106743964	selection
S1-438428759	selection
S1-126375756	calibration
S1-81652832	fusion_fit
S1-181551895	calibration
S1-741225797	calibration
S1-151458794	calibration
S1-310859728	selection
S1-352663541	fusion_fit
S1-472495860	selection
S1-763366322	selection
S1-177127745	fusion_fit
S1-317661666	selection
S1-724933335	fusion_fit
S1-569220134	calibration
S1-74631926	selection
S1-321917436	calibration
S1-896041371	fusion_fit
S1-183494397	calibration
S1-945011527	fusion_fit
S1-538473073	calibration
S1-117140847	fusion_fit
S1-663741058	selection
S1-801801281	calibration
S1-792558400	fusion_fit
S1-552036989	calibration
S1-225780287	fusion_fit
S1-381891678	calibration
S1-530703056	fusion_fit
S1-343679515	calibration
S1-488762505	calibration
S1-36004092	calibration
S1-152991227	calibration
S1-378542116	fusion_fit
S1-620075860	calibration
S1-478399779	fusion_fit
S1-869818295	fusion_fit
S1-648637664	selection
S1-912708114	fusion_fit
S1-628954967	calibration
S1-437542690	fusion_fit
S1-889593446	selection
S1-52234317	fusion_fit
S1-661877024	calibration
S1-719146779	selection
S1-350188684	fusion_fit
S1-168000012	fusion_fit
S1-652191376	selection
S1-267117100	fusion_fit
S1-14032610	selection
S1-544332491	fusion_fit
S1-624179092	selection
S1-372404571	fusion_fit
S1-467518919	fusion_fit
S1-371296207	fusion_fit
S1-974338933	calibration
S1-485283222	fusion_fit
S1-671696287	fusion_fit
S1-902381487	calibration
S1-738532679	calibration
S1-975490527	fusion_fit
S1-174987892	selection
S1-283887551	calibration
S1-897847907	fusion_fit
S1-539221849	fusion_fit
S1-962067563	selection
S1-988391294	selection
S1-201330964	calibration
S1-441910330	fusion_fit
S1-157552009	selection
S1-133880635	calibration
S1-382334348	fusion_fit
S1-167429704	fusion_fit
S1-575839472	calibration
S1-642067992	fusion_fit
S1-690753622	calibration
S1-165840694	fusion_fit
S1-465484050	calibration
S1-736084307	calibration
S1-526299952	selection
S1-351785522	selection
S1-9871408	selection
S1-278247504	fusion_fit
S1-785538453	calibration
S1-459344496	selection
S1-606800471	fusion_fit
S1-187940189	calibration
S1-230372639	selection
S1-873467597	fusion_fit
S1-360741363	fusion_fit
S1-144943987	selection
S1-388643219	calibration
S1-462356135	calibration
S1-964598388	calibration
S1-330343832	calibration
S1-415251082	fusion_fit
S1-684705921	calibration
S1-276725845	selection
S1-596123639	fusion_fit
S1-553294476	selection
S1-559578336	selection
S1-585344984	calibration
S1-680918444	selection
S1-164895843	selection
S1-8862187	selection
S1-23402702	selection
S1-48246771	selection
S1-583032125	selection
S1-384094106	selection
S1-895766902	fusion_fit
S1-602206249	fusion_fit
S1-969269796	fusion_fit
S1-276648539	fusion_fit
S1-714200343	fusion_fit
S1-242214578	calibration
S1-839116751	fusion_fit
S1-966046149	fusion_fit
S1-508851222	selection
S1-467308544	fusion_fit
S1-591365454	calibration
S1-859419134	fusion_fit
S1-405657033	selection
S1-825939713	fusion_fit
S1-56461074	selection
S1-107192979	calibration
S1-617212058	calibration
S1-746163796	selection
S1-119941908	selection
S1-243689067	fusion_fit
S1-677643060	calibration
S1-836268220	selection
S1-885678021	fusion_fit
S1-331902004	selection
S1-238519980	selection
S1-814559379	fusion_fit
S1-360849201	calibration
S1-485012694	calibration
S1-740370301	calibration
S1-265595946	fusion_fit
S1-997887955	calibration
S1-572565461	calibration
S1-257430011	fusion_fit
S1-632767674	fusion_fit
S1-636638932	calibration
S1-602477317	calibration
S1-819900904	fusion_fit
S1-137095493	fusion_fit
S1-594741161	fusion_fit
S1-76931130	selection
S1-245994998	calibration
S1-852177551	selection
S1-619768235	calibration
S1-580292602	calibration
S1-158495377	calibration
S1-516350938	calibration
S1-284114210	selection
S1-833919988	fusion_fit
S1-257880822	calibration
S1-347482610	fusion_fit
S1-116002386	calibration
S1-55631893	calibration
S1-676397172	calibration
S1-243552404	fusion_fit
S1-513747209	fusion_fit
S1-848598257	calibration
S1-591208323	fusion_fit
S1-865789530	fusion_fit
S1-960448383	calibration
S1-466304465	calibration
S1-139077236	fusion_fit
S1-913871258	selection
S1-100896850	calibration
S1-748272105	selection
S1-418178451	selection
S1-181716830	calibration
S1-93513458	calibration
S1-430619503	fusion_fit
S1-873421080	calibration
S1-215993633	fusion_fit
S1-942583919	calibration
S1-553063989	fusion_fit
S1-417176111	fusion_fit
S1-927608427	calibration
S1-794475207	calibration
S1-60245622	selection
S1-267571103	fusion_fit
S1-195065588	calibration
S1-738055820	calibration
S1-636873817	selection
S1-710364967	fusion_fit
S1-722799320	calibration
S1-881240133	fusion_fit
S1-627848788	selection
S1-24667271	selection
S1-117885644	calibration
S1-72927847	selection
S1-474111328	fusion_fit
S1-291209190	calibration
S1-782806126	fusion_fit
S1-848967715	fusion_fit
S1-661149878	calibration
S1-673238884	calibration
S1-642235132	fusion_fit
S1-646597465	calibration
S1-129478687	selection
S1-61407019	fusion_fit
S1-629964045	fusion_fit
S1-699579101	fusion_fit
S1-100459359	fusion_fit
S1-184559825	fusion_fit
S1-924104885	fusion_fit
S1-656089284	selection
S1-973123448	calibration
S1-622893019	fusion_fit
S1-611305569	fusion_fit
S1-129593876	selection
S1-360408915	fusion_fit
S1-977007630	selection
S1-449483035	selection
S1-759688950	selection
S1-254910476	calibration
S1-608825053	selection
S1-219658483	selection
S1-178389699	selection
S1-206085566	fusion_fit
S1-11125033	calibration
S1-821828753	calibration
S1-232702470	fusion_fit
S1-362767237	fusion_fit
S1-851819883	fusion_fit
S1-889373622	calibration
S1-260772475	selection
S1-917736302	fusion_fit
S1-241406982	calibration
S1-996646246	calibration
S1-483381007	selection
S1-973206839	calibration
S1-653613034	calibration
S1-334835129	fusion_fit
S1-790779916	selection
S1-717593731	fusion_fit
S1-918512913	fusion_fit
S1-531355654	fusion_fit
S1-199391504	selection
S1-980929932	selection
S1-957466422	fusion_fit
S1-274044563	fusion_fit
S1-521437161	selection
S1-412963970	fusion_fit
S1-538001116	fusion_fit
S1-305676417	selection
S1-289981009	selection
S1-580896020	fusion_fit
S1-247480463	fusion_fit
S1-377096122	fusion_fit
S1-340581786	fusion_fit
S1-279240865	selection
S1-81604584	selection
S1-559846766	calibration
S1-168439313	fusion_fit
S1-624999319	selection
S1-572215983	selection
S1-351196814	fusion_fit
S1-480502044	calibration
S1-34445593	selection
S1-637138936	selection
S1-936239105	selection
S1-377754	fusion_fit
S1-325813874	fusion_fit
S1-421444052	calibration
S1-392943529	fusion_fit
S1-161397233	fusion_fit
S1-58951994	fusion_fit
S1-705253088	fusion_fit
S1-736639255	calibration
S1-864811318	fusion_fit
S1-776271896	calibration
S1-719252289	fusion_fit
S1-504633439	fusion_fit
S1-440478245	calibration
S1-505852417	calibration
S1-81202499	calibration
S1-69197875	selection
S1-203999611	calibration
S1-15111919	calibration
S1-848231690	calibration
S1-364976036	fusion_fit
S1-419528773	fusion_fit
S1-248566645	selection
S1-569120116	calibration
S1-904050736	fusion_fit
S1-591004479	selection
S1-32890187	fusion_fit
S1-848168379	fusion_fit
S1-445519594	selection
S1-8653036	calibration
S1-330360206	fusion_fit
S1-931538662	selection
S1-461338785	calibration
S1-901531731	calibration
S1-997556430	fusion_fit
S1-14329636	fusion_fit
S1-509554691	calibration
S1-531876509	calibration
S1-53614683	fusion_fit
S1-550107957	calibration
S1-419774715	fusion_fit
S1-690584528	calibration
S1-155827507	selection
S1-902162510	calibration
S1-578570675	selection
S1-164206709	fusion_fit
S1-814374013	calibration
S1-981112652	fusion_fit
S1-476596456	selection
S1-285507963	calibration
S1-989993401	calibration
S1-521040939	selection
S1-582112437	calibration
S1-373200730	selection
S1-932103687	calibration
S1-248264376	fusion_fit
S1-725464885	selection
S1-697172071	calibration
S1-12468430	calibration
S1-959464506	selection
S1-817617262	fusion_fit
S1-556931972	selection
S1-340376765	selection
S1-550479275	selection
S1-434519573	calibration
S1-338241579	calibration
S1-553607762	selection
S1-103924907	selection
S1-890471692	fusion_fit
S1-288687563	calibration
S1-239545712	selection
S1-500654980	selection
S1-895783810	selection
S1-347400554	selection
S1-80081292	fusion_fit
S1-511866801	selection
S1-38243423	selection
S1-18132941	selection
S1-892426172	calibration
S1-881787649	fusion_fit
S1-531442435	fusion_fit
S1-33923042	calibration
S1-859222348	selection
S1-761592902	calibration
S1-378229040	fusion_fit
S1-63865124	fusion_fit
S1-332668814	calibration
S1-524815069	selection
S1-874616400	selection
S1-520785951	fusion_fit
S1-504981437	fusion_fit
S1-913918161	calibration
S1-376270080	calibration
S1-189416296	calibration
S1-35553965	selection
S1-584474357	selection
S1-507378186	fusion_fit
S1-378215331	fusion_fit
S1-655124544	fusion_fit
S1-447926193	fusion_fit
S1-837535866	fusion_fit
S1-392010153	selection
S1-778807938	fusion_fit
S1-310115385	calibration
S1-29541193	calibration
S1-416033981	calibration
S1-645547203	fusion_fit
S1-634580933	calibration
S1-23849827	fusion_fit
S1-289510718	calibration
S1-549210446	fusion_fit
S1-445066973	fusion_fit
S1-517868794	selection
S1-294624104	calibration
S1-864144713	selection
S1-475312810	fusion_fit
S1-974915356	fusion_fit
S1-415021849	fusion_fit
S1-746484214	fusion_fit
S1-553140387	selection
S1-71228182	fusion_fit
S1-164452511	calibration
S1-725696465	calibration
S1-546780582	calibration
S1-57228469	calibration
S1-672847283	calibration
S1-597734553	selection
S1-345335367	fusion_fit
S1-772827837	fusion_fit
S1-219890537	fusion_fit
S1-992428841	calibration
S1-328699870	fusion_fit
S1-978961490	fusion_fit
S1-574793388	fusion_fit
S1-190554773	fusion_fit
S1-797686136	fusion_fit
S1-114894408	selection
S1-500910092	selection
S1-128308228	selection
S1-957753894	selection
S1-662610492	fusion_fit
S1-500519043	fusion_fit
S1-938365785	calibration
S1-938264029	calibration
S1-270504040	calibration
S1-733282272	calibration
S1-234290223	calibration
S1-701481247	fusion_fit
S1-693786704	calibration
S1-201218730	fusion_fit
S1-56661614	selection
S1-846887056	selection
S1-240858982	fusion_fit
S1-480891432	selection
S1-241668390	calibration
S1-978345694	fusion_fit
S1-333689129	calibration
S1-891344553	calibration
S1-291894944	calibration
S1-788035298	fusion_fit
S1-767997080	calibration
S1-735029848	calibration
S1-858484094	selection
S1-932672945	fusion_fit
S1-747924718	selection
S1-24543554	fusion_fit
S1-289247698	selection
S1-355903123	selection
S1-877174297	selection
S1-636943120	fusion_fit
S1-680357719	fusion_fit
S1-220435494	calibration
S1-21031952	selection
S1-667152601	calibration
S1-75468314	selection
S1-325124278	calibration
S1-217578308	fusion_fit
S1-828761095	selection
S1-91033705	selection
S1-404953820	fusion_fit
S1-854707972	fusion_fit
S1-492573639	calibration
S1-985763708	fusion_fit
S1-527391155	selection
S1-571084211	selection
S1-958735012	selection
S1-284461513	calibration
S1-81960785	calibration
S1-149155395	selection
S1-471206444	calibration
S1-388385628	selection
S1-719459337	calibration
S1-971270917	calibration
S1-808784393	selection
S1-363385598	calibration
S1-586636924	fusion_fit
S1-642700232	fusion_fit
S1-95462631	fusion_fit
S1-15227215	calibration
S1-927350914	calibration
S1-863178487	calibration
S1-725701033	fusion_fit
S1-325490010	fusion_fit
S1-849636205	calibration
S1-805221112	selection
S1-891604873	calibration
S1-248483026	selection
S1-574260638	calibration
S1-48114642	selection
S1-72485812	calibration
S1-713364283	selection
S1-828100611	calibration
S1-938220224	selection
S1-681723115	calibration
S1-347875546	fusion_fit
S1-719757749	calibration
S1-390620153	fusion_fit
S1-211492872	selection
S1-786814981	fusion_fit
S1-508271088	fusion_fit
S1-987773355	calibration
S1-846016389	selection
S1-728263706	fusion_fit
S1-803924430	fusion_fit
S1-43584891	selection
S1-337148579	fusion_fit
S1-579739363	selection
S1-716728614	fusion_fit
S1-805260451	selection
S1-822546157	calibration
S1-64810805	selection
S1-692704998	selection
S1-813170327	fusion_fit
S1-542708280	fusion_fit
S1-35310486	fusion_fit
S1-252096952	selection
S1-83429131	calibration
S1-514810885	calibration
S1-630310759	fusion_fit
S1-202444728	calibration
S1-97782350	calibration
S1-123189519	fusion_fit
S1-432326658	fusion_fit
S1-809087419	calibration
S1-951440547	calibration
S1-927268721	calibration
S1-822458982	selection
S1-843623425	selection
S1-270159883	fusion_fit
S1-139922907	fusion_fit
S1-233929343	calibration
S1-830676467	selection
S1-687445766	selection
S1-321284014	fusion_fit
S1-12856789	calibration
S1-745153266	fusion_fit
S1-711961601	fusion_fit
S1-410087180	selection
S1-422051827	calibration
S1-493405987	selection
S1-920086226	calibration
S1-948864571	selection
S1-558533397	selection
S1-421262079	calibration
S1-154510988	calibration
S1-494080703	calibration
S1-675465875	fusion_fit
S1-674720122	selection
S1-318296565	calibration
S1-554072642	calibration
S1-152511483	fusion_fit
S1-635276876	calibration
S1-847681565	calibration
S1-349042946	fusion_fit
S1-31675611	fusion_fit
S1-268782386	selection
S1-83456753	fusion_fit
S1-483166451	selection
S1-638792083	fusion_fit
S1-888201139	selection
S1-921609823	calibration
S1-909081661	fusion_fit
S1-803184921	selection
S1-408100959	fusion_fit
S1-737857793	fusion_fit
S1-993861336	fusion_fit
S1-414740644	fusion_fit
S1-672348092	fusion_fit
S1-259678892	fusion_fit
S1-461501708	fusion_fit
S1-794484965	calibration
S1-91594395	selection
S1-323822518	fusion_fit
S1-84942565	calibration
S1-627313829	selection
S1-858339260	fusion_fit
S1-617715867	fusion_fit
S1-406986216	calibration
S1-957850280	selection
S1-602270149	selection
S1-621948764	calibration
S1-793526462	calibration
S1-570769523	selection
S1-303878810	calibration
S1-592209496	selection
S1-405349996	selection
S1-84743848	selection
S1-786614256	selection
S1-32923652	fusion_fit
S1-352941265	calibration
S1-928632218	selection
S1-205040750	fusion_fit
S1-234530880	selection
S1-997310449	fusion_fit
S1-206538478	selection
S1-430893489	fusion_fit
S1-423513289	selection
S1-246453709	calibration
S1-515251257	selection
S1-405773824	fusion_fit
S1-921918763	selection
S1-764183131	calibration
S1-495369573	calibration
S1-488015205	calibration
S1-244689221	selection
S1-936462898	fusion_fit
S1-84108715	fusion_fit
S1-106911353	selection
S1-924468924	fusion_fit
S1-517809131	calibration
S1-105284036	selection
S1-651819393	selection
S1-1338906	selection
S1-660286763	calibration
S1-867246783	selection
S1-124011915	selection
S1-841001271	fusion_fit
S1-446790680	calibration
S1-697019244	fusion_fit
S1-695361926	selection
S1-127277689	fusion_fit
S1-37528531	calibration
S1-357670884	calibration
S1-546759621	selection
S1-119838	fusion_fit
S1-838458027	fusion_fit
S1-503387651	selection
S1-246184610	calibration
S1-966784793	selection
S1-524026560	calibration
S1-587699793	fusion_fit
S1-653743813	selection
S1-983675740	calibration
S1-333328963	calibration
S1-511002902	fusion_fit
S1-540260949	selection
S1-785700744	fusion_fit
S1-556090558	fusion_fit
S1-809102070	selection
S1-790812090	fusion_fit
S1-656744026	calibration
S1-256050262	selection
S1-977926965	selection
S1-353648569	calibration
S1-886432883	calibration
S1-602059824	calibration
S1-496211847	fusion_fit
S1-296847654	calibration
S1-961362009	calibration
S1-96259258	fusion_fit
S1-771813513	fusion_fit
S1-670506501	calibration
S1-713067446	selection
S1-711589554	selection
S1-952299777	calibration
S1-692255056	calibration
S1-33214499	fusion_fit
S1-360173826	fusion_fit
S1-676075126	selection
S1-968857113	calibration
S1-483339910	fusion_fit
S1-674176560	fusion_fit
S1-378687187	fusion_fit
S1-438865454	calibration
S1-527515238	selection
S1-226662730	fusion_fit
S1-508041906	fusion_fit
S1-301447022	calibration
S1-922604488	calibration
S1-494230466	fusion_fit
S1-929220652	fusion_fit
S1-975414907	fusion_fit
S1-343792606	fusion_fit
S1-706806685	fusion_fit
S1-288944667	selection
S1-908774678	calibration
S1-47269968	selection
S1-937822839	fusion_fit
S1-651841115	selection
S1-720997739	calibration
S1-377337290	selection
S1-831423983	selection
S1-526633677	calibration
S1-109068895	selection
S1-826689029	fusion_fit
S1-774409902	selection
S1-218452043	fusion_fit
S1-372273669	calibration
S1-513690333	fusion_fit
S1-887764909	fusion_fit
S1-456789685	selection
S1-970132031	selection
S1-290525383	selection
S1-736060253	selection
S1-279566219	selection
S1-358825254	selection
S1-406406949	fusion_fit
S1-899077105	fusion_fit
S1-408177491	calibration
S1-528002821	fusion_fit
S1-561638920	calibration
S1-297563705	fusion_fit
S1-805333675	selection
S1-103335181	fusion_fit
S1-351373257	fusion_fit
S1-312858181	fusion_fit
S1-666997992	selection
S1-151577116	fusion_fit
S1-782117857	selection
S1-559398657	calibration
S1-102061257	selection
S1-10150558	calibration
S1-29395176	fusion_fit
S1-480149427	fusion_fit
S1-672861276	fusion_fit
S1-522712507	selection
S1-483998800	calibration
S1-53176272	calibration
S1-519268038	calibration
S1-512903685	calibration
S1-947627309	selection
S1-77955707	calibration
S1-775131504	calibration
S1-940955348	selection
S1-283339154	fusion_fit
S1-148477426	selection
S1-601251168	selection
S1-449063168	selection
S1-16642923	calibration
S1-613657230	fusion_fit
S1-222279245	selection
S1-635457718	selection
S1-104631707	fusion_fit
S1-707718747	calibration
S1-739014509	selection
S1-630940582	selection
S1-903530820	fusion_fit
S1-498884283	selection
S1-803035395	calibration
S1-837140168	calibration
S1-78865121	fusion_fit
S1-678737653	selection
S1-294393365	fusion_fit
S1-620958098	calibration
S1-232025447	selection
S1-826427058	calibration
S1-599876859	calibration
S1-176030721	fusion_fit
S1-956227330	calibration
S1-595849762	calibration
S1-468387222	selection
S1-258768576	selection
S1-968159510	selection
S1-417395434	fusion_fit
S1-576839050	calibration
S1-269821442	fusion_fit
S1-656685584	calibration
S1-210583184	calibration
S1-564737000	calibration
S1-678272623	selection
S1-219125133	calibration
S1-477248424	selection
S1-600670611	selection
S1-377121439	fusion_fit
S1-216578759	fusion_fit
S1-169256970	calibration
S1-854127187	selection
S1-576450923	selection
S1-894710274	fusion_fit
S1-325062639	selection
S1-990139333	calibration
S1-825790322	fusion_fit
S1-456367808	calibration
S1-128465941	fusion_fit
S1-410606283	selection
S1-13771898	fusion_fit
S1-197874353	fusion_fit
S1-585419882	calibration
S1-205804469	selection
S1-854118842	selection
S1-739559484	fusion_fit
S1-278323032	calibration
S1-216706273	selection
S1-609586271	fusion_fit
S1-690550190	selection
S1-636015011	calibration
S1-780268126	fusion_fit
S1-42570563	fusion_fit
S1-122098697	selection
S1-722209222	fusion_fit
S1-709328368	selection
S1-278134323	calibration
S1-482640652	selection
S1-321206536	calibration
S1-320573332	fusion_fit
S1-209603783	calibration
S1-374173177	calibration
S1-122733534	calibration
S1-57889157	selection
S1-278579891	calibration
S1-318392348	calibration
S1-86568868	selection
S1-94606652	fusion_fit
S1-49392765	selection
S1-964089799	fusion_fit
S1-771558450	calibration
S1-703803209	calibration
S1-599311134	calibration
S1-508272803	fusion_fit
S1-68458645	calibration
S1-875526785	fusion_fit
S1-925892514	selection
S1-943654568	fusion_fit
S1-368631505	fusion_fit
S1-243256601	selection
S1-966488792	calibration
S1-160874174	calibration
S1-647540090	calibration
S1-499781576	selection
S1-907303799	calibration
S1-841231303	selection
S1-305612525	calibration
S1-817094985	fusion_fit
S1-232389487	calibration
S1-304970614	calibration
S1-538125989	fusion_fit
S1-549836434	fusion_fit
S1-28730888	selection
S1-720805886	calibration
S1-158544858	calibration
S1-462834165	fusion_fit
S1-860620625	selection
S1-156204336	selection
S1-663557111	fusion_fit
S1-649876321	selection
S1-439110883	fusion_fit
S1-530042871	calibration
S1-447409442	selection
S1-721755243	selection
S1-527376624	calibration
S1-60284606	calibration
S1-25470787	calibration
S1-442043668	calibration
S1-783722509	selection
S1-276061734	fusion_fit
S1-667906650	calibration
S1-353515074	calibration
S1-307793331	fusion_fit
S1-258109340	selection
S1-311393106	fusion_fit
S1-307943598	fusion_fit
S1-658501152	selection
S1-189737050	calibration
S1-999720899	fusion_fit
S1-874703841	fusion_fit
S1-385256126	calibration
S1-527651867	fusion_fit
S1-83382143	calibration
S1-768271426	fusion_fit
S1-802797522	calibration
S1-643241741	fusion_fit
S1-924811149	fusion_fit
S1-929627236	calibration
S1-308377215	fusion_fit
S1-179225900	fusion_fit
S1-743574607	calibration
S1-651585186	fusion_fit
S1-197746056	calibration
S1-581606301	calibration
S1-263451589	selection
S1-655153077	fusion_fit
S1-52923310	selection
S1-571351652	calibration
S1-829696310	calibration
S1-379033600	fusion_fit
S1-504969411	fusion_fit
S1-650747189	calibration
S1-227190507	selection
S1-274065797	calibration
S1-990127600	selection
S1-811433091	selection
S1-775447984	calibration
S1-617584970	fusion_fit
S1-707224320	fusion_fit
S1-324078694	fusion_fit
S1-181844327	selection
S1-502200493	selection
S1-954184249	selection
S1-189081979	fusion_fit
S1-641712382	selection
S1-64345466	selection
S1-908559061	selection
S1-594634386	selection
S1-324772037	fusion_fit
S1-743627211	selection
S1-43757800	selection
S1-340136897	fusion_fit
S1-145790476	fusion_fit
S1-366659022	fusion_fit
S1-862988718	calibration
S1-648204456	selection
S1-691472299	fusion_fit
S1-687572970	calibration
S1-402282555	selection
S1-764364734	calibration
S1-635610745	fusion_fit
S1-871660602	fusion_fit
S1-632674022	calibration
S1-69002157	calibration
S1-403660051	fusion_fit
S1-825085007	calibration
S1-173307453	fusion_fit
S1-846755338	selection
S1-292025392	calibration
S1-491489551	calibration
S1-301668935	fusion_fit
S1-46046851	selection
S1-529201417	calibration
S1-290582269	selection
S1-578296034	calibration
S1-843940052	selection
S1-86854031	selection
S1-491497659	selection
S1-810163865	selection
S1-461983527	calibration
S1-551811690	fusion_fit
S1-639955068	fusion_fit
S1-513479685	selection
S1-382463614	calibration
S1-440686859	selection
S1-708388404	selection
S1-722943830	fusion_fit
S1-725577575	calibration
S1-535633210	calibration
S1-627879618	fusion_fit
S1-512668537	selection
S1-848058008	calibration
S1-92031580	fusion_fit
S1-806224846	fusion_fit
S1-829487565	fusion_fit
S1-603889594	fusion_fit
S1-600905752	selection
S1-918770046	calibration
S1-353720518	selection
S1-693138043	fusion_fit
S1-152247831	fusion_fit
S1-648523937	fusion_fit
S1-640385127	fusion_fit
S1-594505205	fusion_fit
S1-41829008	calibration
S1-751116480	selection
S1-919993352	fusion_fit
S1-589765149	calibration
S1-666165620	fusion_fit
S1-970600870	fusion_fit
S1-833320254	fusion_fit
S1-851182285	selection
S1-479548273	fusion_fit
S1-164232713	calibration
S1-669044235	calibration
S1-230080500	calibration
S1-433570322	selection
S1-432661866	selection
S1-100233765	fusion_fit
S1-288274927	fusion_fit
S1-355010759	calibration
S1-92480927	fusion_fit
S1-920543708	fusion_fit
S1-949896930	fusion_fit
S1-596647265	calibration
S1-525018875	fusion_fit
S1-502237508	selection
S1-771473162	selection
S1-748677361	selection
S1-86174382	selection
S1-513137738	fusion_fit
S1-61546641	fusion_fit
S1-794162001	fusion_fit
S1-578361057	fusion_fit
S1-129790045	fusion_fit
S1-464951427	selection
S1-621360033	selection
S1-371879245	fusion_fit
S1-492540586	calibration
S1-179410575	selection
S1-920368455	selection
S1-128690116	selection
S1-488065574	calibration
S1-178999349	selection
S1-173187208	fusion_fit
S1-636504130	fusion_fit
S1-926063269	calibration
S1-615065568	fusion_fit
S1-686514746	calibration
S1-589064776	fusion_fit
S1-461550337	fusion_fit
S1-158989249	calibration
S1-559506813	selection
S1-210305741	fusion_fit
S1-95327773	calibration
S1-783538994	fusion_fit
S1-552695655	fusion_fit
S1-484833182	fusion_fit
S1-526558363	calibration
S1-984633634	selection
S1-601901509	selection
S1-293393919	fusion_fit
S1-122984684	fusion_fit
S1-888371881	fusion_fit
S1-438112872	fusion_fit
S1-61464031	fusion_fit
S1-319293320	calibration
S1-835604284	fusion_fit
S1-63287841	selection
S1-221073836	fusion_fit
S1-614949440	calibration
S1-135290778	calibration
S1-545263523	fusion_fit
S1-391367593	fusion_fit
S1-871213601	selection
S1-864106455	calibration
S1-713075291	calibration
S1-976194160	fusion_fit
S1-300153861	selection
S1-533185723	fusion_fit
S1-342983247	fusion_fit
S1-73222901	selection
S1-954842656	fusion_fit
S1-915744567	fusion_fit
S1-375490444	calibration
S1-534025713	selection
S1-221948227	fusion_fit
S1-960157591	calibration
S1-235772421	selection
S1-714896990	fusion_fit
S1-233010249	selection
S1-711909665	calibration
S1-658360875	selection
S1-234604867	calibration
S1-93524098	selection
S1-20240922	selection
S1-602595320	calibration
S1-343486044	selection
S1-672144657	fusion_fit
S1-886325025	selection
S1-916485896	fusion_fit
S1-395917126	fusion_fit
S1-715569169	fusion_fit
S1-999718284	fusion_fit
S1-341743435	fusion_fit
S1-958933750	fusion_fit
S1-507408046	fusion_fit
S1-235372198	calibration
S1-210566189	selection
S1-772490763	fusion_fit
S1-617147253	fusion_fit
S1-21143185	calibration
S1-611052599	fusion_fit
S1-5085840	fusion_fit
S1-36079031	calibration
S1-136602869	fusion_fit
S1-214380732	selection
S1-853942967	selection
S1-940916773	selection
S1-826488672	calibration
S1-552036306	fusion_fit
S1-534063778	calibration
S1-440586620	calibration
S1-514199110	selection
S1-975733180	calibration
S1-362263895	fusion_fit
S1-686094132	fusion_fit
S1-313425447	fusion_fit
S1-645953066	fusion_fit
S1-439512512	calibration
S1-682570578	fusion_fit
S1-642894136	fusion_fit
S1-125361113	fusion_fit
S1-734940082	fusion_fit
S1-946881077	calibration
S1-375266860	fusion_fit
S1-986159934	fusion_fit
S1-208079805	fusion_fit
S1-162164012	fusion_fit
S1-440280830	selection
S1-516116042	fusion_fit
S1-798333839	fusion_fit
S1-441696219	calibration
S1-593326204	calibration
S1-756940025	selection
S1-137811022	selection
S1-750218362	calibration
S1-795132678	calibration
S1-324845383	fusion_fit
S1-414490409	calibration
S1-483461900	fusion_fit
S1-379713474	fusion_fit
S1-648145694	selection
S1-888571743	calibration
S1-957275795	selection
S1-258441522	calibration
S1-743719614	selection
S1-278847579	selection
S1-720217828	selection
S1-418184600	calibration
S1-768651715	selection
S1-701583396	calibration
S1-608955416	calibration
S1-783181830	calibration
S1-890280073	fusion_fit
S1-223267404	selection
S1-939357825	selection
S1-18761749	calibration
S1-567708738	fusion_fit
S1-465320374	calibration
S1-334774542	calibration
S1-170446830	fusion_fit
S1-694412545	selection
S1-80587117	selection
S1-612764998	fusion_fit
S1-973283901	fusion_fit
S1-211132406	calibration
S1-493359020	fusion_fit
S1-351567633	calibration
S1-769059072	selection
S1-255431408	fusion_fit
S1-805575695	selection
S1-609666596	selection
S1-470378690	fusion_fit
S1-784099378	fusion_fit
S1-519926200	calibration
S1-520980601	fusion_fit
S1-158765561	calibration
S1-923907443	calibration
S1-329153650	fusion_fit
S1-191286580	fusion_fit
S1-127138802	fusion_fit
S1-198275620	selection
S1-625206302	calibration
S1-708682519	selection
S1-634979254	calibration
S1-46200827	fusion_fit
S1-429144264	calibration
S1-322692990	calibration
S1-154046330	selection
S1-519815383	fusion_fit
S1-155274464	calibration
S1-676768220	fusion_fit
S1-447828644	fusion_fit
S1-544466146	selection
S1-927933071	selection
S1-199160139	calibration
S1-400606487	selection
S1-725127779	calibration
S1-394544733	selection
S1-39431400	calibration
S1-522909369	fusion_fit
S1-511261426	selection
S1-618160252	selection
S1-736183617	fusion_fit
S1-561383262	selection
S1-974454948	calibration
S1-797382534	calibration
S1-927801016	calibration
S1-232358913	selection
S1-339146789	fusion_fit
S1-170534459	selection
S1-135019633	fusion_fit
S1-956933534	selection
S1-449296879	selection
S1-136227008	selection
S1-76751388	fusion_fit
S1-484950924	selection
S1-582480612	fusion_fit
S1-470238261	fusion_fit
S1-767597780	calibration
S1-155617366	fusion_fit
S1-293233407	calibration
S1-416672192	selection
S1-657891093	fusion_fit
S1-524833459	selection
S1-984000891	fusion_fit
S1-637645960	fusion_fit
S1-829455496	calibration
S1-738148115	selection
S1-574734396	fusion_fit
S1-405649912	selection
S1-539708391	fusion_fit
S1-309862348	fusion_fit
S1-691117913	fusion_fit
S1-387469264	selection
S1-462352987	selection
S1-846777692	calibration
S1-129950741	fusion_fit
S1-334309606	fusion_fit
S1-324318631	selection
S1-360735557	calibration
S1-476797912	selection
S1-410954363	fusion_fit
S1-980644935	selection
S1-787609998	fusion_fit
S1-35003868	calibration
S1-69658267	fusion_fit
S1-598573570	fusion_fit
S1-703787604	fusion_fit
S1-12081569	selection
S1-373864854	selection
S1-406543620	calibration
S1-215547516	fusion_fit
S1-593040356	selection
S1-377909517	fusion_fit
S1-551658761	calibration
S1-700501655	fusion_fit
S1-324136218	fusion_fit
S1-758101290	fusion_fit
S1-246865937	fusion_fit
S1-155733802	fusion_fit
S1-16592987	fusion_fit
S1-711638444	selection
S1-313704586	fusion_fit
S1-378917870	selection
S1-878395021	fusion_fit
S1-607773392	fusion_fit
S1-637910047	selection
S1-533502667	selection
S1-990921053	calibration
S1-376778365	selection
S1-273230623	calibration
S1-259299200	fusion_fit
S1-116754454	selection
S1-535023458	fusion_fit
S1-740646008	fusion_fit
S1-814623763	fusion_fit
S1-363920130	calibration
S1-802639738	calibration
S1-313432701	fusion_fit
S1-145323142	fusion_fit
S1-656939844	calibration
S1-768245446	calibration
S1-160107415	selection
S1-452760877	fusion_fit
S1-665454292	fusion_fit
S1-462295081	selection
S1-720777208	fusion_fit
S1-942989838	selection
S1-123314221	calibration
S1-413479300	calibration
S1-707453626	selection
S1-899160862	fusion_fit
S1-850909643	fusion_fit
S1-351650918	fusion_fit
S1-403222709	selection
S1-285917103	selection
S1-672619718	selection
S1-27774437	calibration
S1-278699217	fusion_fit
S1-681006781	fusion_fit
S1-634440477	calibration
S1-389987559	selection
S1-886461910	selection
S1-890702039	fusion_fit
S1-6524044	calibration
S1-471008112	fusion_fit
S1-149520294	fusion_fit
S1-80626235	fusion_fit
S1-334037410	calibration
S1-672656720	selection
S1-394908830	selection
S1-655113384	selection
S1-886101798	selection
S1-155138087	fusion_fit
S1-917549477	calibration
S1-758242343	calibration
S1-93651879	fusion_fit
S1-445199057	fusion_fit
S1-925636547	selection
S1-895816860	fusion_fit
S1-949882097	calibration
S1-514502140	selection
S1-502142169	fusion_fit
S1-953881828	selection
S1-828152296	fusion_fit
S1-808625403	fusion_fit
S1-571396862	fusion_fit
S1-179153554	selection
S1-457833337	calibration
S1-536869659	calibration
S1-139258178	selection
S1-833566953	calibration
S1-174866628	calibration
S1-906924735	fusion_fit
S1-174585329	calibration
S1-674631569	calibration
S1-596786271	fusion_fit
S1-830580991	selection
S1-670412047	calibration
S1-104768649	calibration
S1-5607632	fusion_fit
S1-323580136	calibration
S1-877031369	fusion_fit
S1-724459727	fusion_fit
S1-312906072	selection
S1-474242269	fusion_fit
S1-17330454	calibration
S1-70333006	fusion_fit
S1-422313808	selection
S1-752679228	calibration
S1-807045474	selection
S1-204389514	fusion_fit
S1-135840557	selection
S1-718213697	calibration
S1-570641759	calibration
S1-173266147	fusion_fit
S1-662533196	calibration
S1-595113724	calibration
S1-789107547	calibration
S1-369854450	calibration
S1-693051095	calibration
S1-151293010	fusion_fit
S1-564101373	fusion_fit
S1-106078863	fusion_fit
S1-746020253	fusion_fit
S1-227046670	fusion_fit
S1-869052632	calibration
S1-641597196	calibration
S1-973372756	fusion_fit
S1-443035349	fusion_fit
S1-833923489	calibration
S1-489074239	calibration
S1-826180115	fusion_fit
S1-659921717	selection
S1-579700280	calibration
S1-652954114	fusion_fit
S1-655303558	fusion_fit
S1-194958299	fusion_fit
S1-677031419	calibration
S1-475770159	selection
S1-944684905	selection
S1-50968049	selection
S1-343745785	selection
S1-391197583	fusion_fit
S1-980764701	fusion_fit
S1-13092957	calibration
S1-96708205	fusion_fit
S1-15813859	selection
S1-553255333	selection
S1-357255048	selection
S1-888568531	fusion_fit
S1-57281874	fusion_fit
S1-57322810	fusion_fit
S1-324006594	calibration
S1-883824025	calibration
S1-3059666	selection
S1-480722763	calibration
S1-908422902	fusion_fit
S1-313349899	fusion_fit
S1-640587732	fusion_fit
S1-396373334	selection
S1-715226416	fusion_fit
S1-852998661	fusion_fit
S1-639103419	calibration
S1-446147850	fusion_fit
S1-138720470	fusion_fit
S1-663350196	calibration
S1-315242322	calibration
S1-808531145	calibration
S1-61633866	fusion_fit
S1-51456813	fusion_fit
S1-209868713	fusion_fit
S1-644131179	selection
S1-369700044	selection
S1-518485227	selection
S1-663354472	fusion_fit
S1-387760464	selection
S1-650956810	fusion_fit
S1-39010855	calibration
S1-438562151	fusion_fit
S1-769708823	fusion_fit
S1-737566984	fusion_fit
S1-464905712	fusion_fit
S1-661340205	selection
S1-633759798	calibration
S1-403603792	selection
S1-793405616	fusion_fit
S1-209880745	fusion_fit
S1-960728974	calibration
S1-170412505	calibration
S1-428098138	fusion_fit
S1-10597095	calibration
S1-971687744	fusion_fit
S1-71355461	fusion_fit
S1-395407593	calibration
S1-229581628	selection
S1-647228300	calibration
S1-457878679	fusion_fit
S1-780498580	calibration
S1-218908955	fusion_fit
S1-318018542	selection
S1-46980048	fusion_fit
S1-578821184	selection
S1-800336894	calibration
S1-642632698	fusion_fit
S1-870298638	selection
S1-234151313	fusion_fit
S1-976641060	calibration
S1-214918972	fusion_fit
S1-248590415	fusion_fit
S1-910550060	fusion_fit
S1-982431660	fusion_fit
S1-866450547	calibration
S1-945524075	calibration
S1-751519238	calibration
S1-905197539	selection
S1-955830124	selection
S1-859973031	calibration
S1-34337124	calibration
S1-4119929	selection
S1-942215001	selection
S1-904958596	fusion_fit
S1-940484530	fusion_fit
S1-168542997	calibration
S1-904098631	selection
S1-354514123	selection
S1-34202843	selection
S1-738275149	selection
S1-909934664	selection
S1-714260082	selection
S1-820613883	selection
S1-883344083	calibration
S1-973000300	selection
S1-456826685	calibration
S1-842622282	fusion_fit
S1-931394473	fusion_fit
S1-292320604	selection
S1-410874269	calibration
S1-811319897	calibration
S1-103120265	fusion_fit
S1-372447229	fusion_fit
S1-916503156	selection
S1-850284997	fusion_fit
S1-189664574	calibration
S1-685550862	selection
S1-601205561	calibration
S1-548709350	fusion_fit
S1-361481324	fusion_fit
S1-415207546	fusion_fit
S1-997513805	selection
S1-272444623	fusion_fit
S1-147543000	selection
S1-653426874	fusion_fit
S1-827415076	calibration
S1-816865563	selection
S1-921134815	fusion_fit
S1-684211973	calibration
S1-545808398	calibration
S1-192457182	selection
S1-866728795	fusion_fit
S1-217818221	fusion_fit
S1-822927066	fusion_fit
S1-185960211	calibration
S1-981918002	calibration
S1-153208654	fusion_fit
S1-357195378	fusion_fit
S1-335007462	calibration
S1-426047529	fusion_fit
S1-783863306	calibration
S1-447214186	selection
S1-311936719	calibration
S1-431394523	calibration
S1-217300366	selection
S1-672405161	calibration
S1-292741135	fusion_fit
S1-764826606	selection
S1-360824041	calibration
S1-777694756	fusion_fit
S1-584380130	fusion_fit
S1-223797630	fusion_fit
S1-320684089	selection
S1-225757609	fusion_fit
S1-760597924	fusion_fit
S1-787356275	calibration
S1-575923620	fusion_fit
S1-823739111	fusion_fit
S1-494419887	fusion_fit
S1-913755758	fusion_fit
S1-438808495	selection
S1-509294173	selection
S1-636980430	fusion_fit
S1-456571393	calibration
S1-998279634	selection
S1-619031106	calibration
S1-861040500	calibration
S1-706378916	calibration
S1-285004928	selection
S1-856225501	selection
S1-341292639	selection
S1-708381350	fusion_fit
S1-517777689	calibration
S1-25546143	calibration
S1-920958127	calibration
S1-42220602	calibration
S1-317177578	fusion_fit
S1-252079777	calibration
S1-74131543	calibration
S1-960474216	fusion_fit
S1-310633705	fusion_fit
S1-918052349	fusion_fit
S1-984949895	calibration
S1-39875802	calibration
S1-103093314	calibration
S1-489659362	fusion_fit
S1-643839389	fusion_fit
S1-74932992	fusion_fit
S1-830808845	selection
S1-302808411	calibration
S1-264755239	calibration
S1-850493745	selection
S1-945700102	fusion_fit
S1-57547913	fusion_fit
S1-730203002	calibration
S1-902860209	fusion_fit
S1-744954854	fusion_fit
S1-379701877	calibration
S1-548558676	calibration
S1-707620808	calibration
S1-128219685	calibration
S1-422652030	selection
S1-82498590	selection
S1-804494066	selection
S1-792989810	fusion_fit
S1-602848428	selection
S1-763556308	fusion_fit
S1-950763374	selection
S1-226056952	fusion_fit
S1-510055860	selection
S1-13197842	calibration
S1-360793942	selection
S1-883197226	fusion_fit
S1-662953640	calibration
S1-90479048	selection
S1-308686319	calibration
S1-972981769	fusion_fit
S1-439984091	fusion_fit
S1-351070633	selection
S1-722562830	calibration
S1-757863478	calibration
S1-207780399	calibration
S1-671474875	selection
S1-734816593	fusion_fit
S1-198279359	fusion_fit
S1-204426133	selection
S1-397645405	selection
S1-563466879	selection
S1-536479278	fusion_fit
S1-492639121	fusion_fit
S1-614561292	calibration
S1-8339857	selection
S1-276569733	fusion_fit
S1-192603609	calibration
S1-588836501	calibration
S1-785376764	fusion_fit
S1-746931749	calibration
S1-33949847	calibration
S1-117686396	calibration
S1-661685085	calibration
S1-829265555	selection
S1-663699961	selection
S1-412617309	selection
S1-817580672	fusion_fit
S1-507684874	calibration
S1-356386866	fusion_fit
S1-522954343	selection
S1-616222445	calibration
S1-670583239	calibration
S1-743637319	fusion_fit
S1-210872706	fusion_fit
S1-3040952	fusion_fit
